geo_area,year,gb_xpd_rsdv
1,2000,1.52
1,2001,1.54
1,2002,1.53
1,2003,1.54
1,2004,1.51
1,2005,1.53
1,2006,1.55
1,2007,1.56
1,2008,1.6
1,2009,1.65
1,2010,1.62
1,2011,1.64
1,2012,1.65
1,2013,1.67
1,2014,1.68
1,2015,1.69
1,2016,1.68
8,2007,0.09
8,2008,0.15
9,2000,1.46
9,2001,1.54
9,2002,1.62
9,2003,1.66
9,2004,1.71
9,2005,1.84
9,2006,1.98
9,2007,2.08
9,2008,2.18
9,2009,2.18
9,2010,2.16
9,2011,2.04
9,2012,2.01
9,2013,1.98
9,2014,1.88
9,2015,1.77
9,2016,1.77
12,2001,0.23
12,2002,0.37
12,2003,0.2
12,2004,0.16
12,2005,0.07
12,2017,0.53
15,2000,0.29
15,2001,0.31
15,2002,0.35
15,2003,0.32
15,2004,0.32
15,2005,0.32
15,2006,0.33
15,2007,0.34
15,2008,0.35
15,2009,0.44
15,2010,0.45
15,2011,0.5
15,2012,0.5
15,2013,0.56
15,2014,0.57
15,2015,0.61
15,2016,0.61
16,2003,0.19
16,2004,0.32
16,2005,0.36
16,2006,0.39
21,2000,2.56
21,2001,2.59
21,2002,2.5
21,2003,2.5
21,2004,2.45
21,2005,2.46
21,2006,2.5
21,2007,2.57
21,2008,2.69
21,2009,2.74
21,2010,2.66
21,2011,2.69
21,2012,2.61
21,2013,2.64
21,2014,2.65
21,2015,2.65
21,2016,2.65
30,2000,1.85
30,2001,1.89
30,2002,1.92
30,2003,1.94
30,2004,1.97
30,2005,2.04
30,2006,2.09
30,2007,2.07
30,2008,2.09
30,2009,2.17
30,2010,2.17
30,2011,2.23
30,2012,2.32
30,2013,2.39
30,2014,2.43
30,2015,2.41
30,2016,2.42
31,2000,0.34
31,2001,0.34
31,2002,0.3
31,2003,0.32
31,2004,0.3
31,2005,0.22
31,2006,0.17
31,2007,0.17
31,2008,0.17
31,2009,0.25
31,2010,0.22
31,2011,0.21
31,2012,0.21
31,2013,0.21
31,2014,0.21
31,2015,0.22
31,2016,0.21
31,2017,0.19
32,2000,0.44
32,2001,0.42
32,2002,0.39
32,2003,0.41
32,2004,0.4
32,2005,0.42
32,2006,0.45
32,2007,0.46
32,2008,0.47
32,2009,0.58
32,2010,0.56
32,2011,0.57
32,2012,0.63
32,2013,0.62
32,2014,0.59
32,2015,0.61
32,2016,0.53
34,2000,0.59
34,2001,0.58
34,2002,0.58
34,2003,0.6
34,2004,0.62
34,2005,0.69
34,2006,0.69
34,2007,0.7
34,2008,0.73
34,2009,0.72
34,2010,0.7
34,2011,0.71
34,2012,0.68
34,2013,0.62
34,2014,0.58
34,2015,0.55
34,2016,0.55
35,2000,0.56
35,2001,0.57
35,2002,0.6
35,2003,0.61
35,2004,0.62
35,2005,0.64
35,2006,0.66
35,2007,0.69
35,2008,0.73
35,2009,0.74
35,2010,0.75
35,2011,0.78
35,2012,0.78
35,2013,0.8
35,2014,0.83
35,2015,0.85
35,2016,0.87
36,2000,1.58
36,2002,1.75
36,2004,1.86
36,2006,2.19
36,2008,2.41
36,2010,2.38
36,2011,2.24
36,2013,2.18
36,2015,1.92
40,2000,1.89
40,2001,1.99
40,2002,2.07
40,2003,2.17
40,2004,2.17
40,2005,2.37
40,2006,2.36
40,2007,2.42
40,2008,2.57
40,2009,2.6
40,2010,2.73
40,2011,2.67
40,2012,2.91
40,2013,2.95
40,2014,3.07
40,2015,3.05
40,2016,3.09
48,2014,0.1
51,2000,0.19
51,2001,0.28
51,2002,0.25
51,2003,0.32
51,2004,0.26
51,2005,0.26
51,2006,0.24
51,2007,0.21
51,2008,0.22
51,2009,0.29
51,2010,0.24
51,2011,0.27
51,2012,0.24
51,2013,0.22
51,2014,0.24
51,2015,0.25
51,2016,0.23
51,2017,0.23
53,2000,1.5
53,2001,1.59
53,2002,1.67
53,2003,1.71
53,2004,1.76
53,2005,1.9
53,2006,2.04
53,2007,2.14
53,2008,2.25
53,2009,2.24
53,2010,2.23
53,2011,2.11
53,2012,2.08
53,2013,2.05
53,2014,1.94
53,2015,1.84
53,2016,1.84
56,2000,1.92
56,2001,2.02
56,2002,1.89
56,2003,1.83
56,2004,1.81
56,2005,1.78
56,2006,1.81
56,2007,1.84
56,2008,1.92
56,2009,1.99
56,2010,2.05
56,2011,2.16
56,2012,2.27
56,2013,2.33
56,2014,2.39
56,2015,2.47
56,2016,2.49
60,2007,0.18
60,2008,0.19
60,2009,0.21
60,2010,0.21
60,2011,0.3
60,2012,0.27
60,2013,0.23
60,2014,0.21
60,2015,0.22
62,2000,0.57
62,2001,0.56
62,2002,0.56
62,2003,0.58
62,2004,0.6
62,2005,0.67
62,2006,0.66
62,2007,0.67
62,2008,0.7
62,2009,0.69
62,2010,0.67
62,2011,0.68
62,2012,0.65
62,2013,0.59
62,2014,0.56
62,2015,0.52
62,2016,0.52
68,2000,0.29
68,2001,0.29
68,2002,0.28
68,2009,0.16
70,2003,0.02
70,2004,0.02
70,2005,0.03
70,2006,0.02
70,2007,0.03
70,2008,0.02
70,2009,0.02
70,2012,0.27
70,2013,0.32
70,2014,0.26
70,2015,0.22
70,2016,0.22
70,2017,0.2
72,2005,0.53
72,2012,0.25
72,2013,0.54
76,2000,1
76,2001,1.03
76,2002,0.98
76,2003,1
76,2004,0.96
76,2005,1
76,2006,0.99
76,2007,1.08
76,2008,1.13
76,2009,1.12
76,2010,1.16
76,2011,1.14
76,2012,1.13
76,2013,1.2
76,2014,1.27
76,2015,1.34
76,2016,1.27
96,2002,0.02
96,2003,0.02
96,2004,0.04
100,2000,0.5
100,2001,0.45
100,2002,0.47
100,2003,0.48
100,2004,0.47
100,2005,0.45
100,2006,0.45
100,2007,0.43
100,2008,0.45
100,2009,0.49
100,2010,0.56
100,2011,0.53
100,2012,0.6
100,2013,0.63
100,2014,0.79
100,2015,0.96
100,2016,0.78
104,2000,0.11
104,2001,0.07
104,2002,0.16
108,2007,0.2
108,2008,0.15
108,2009,0.14
108,2010,0.14
108,2011,0.12
112,2000,0.72
112,2001,0.71
112,2002,0.62
112,2003,0.61
112,2004,0.63
112,2005,0.68
112,2006,0.66
112,2007,0.96
112,2008,0.74
112,2009,0.64
112,2010,0.67
112,2011,0.68
112,2012,0.65
112,2013,0.65
112,2014,0.51
112,2015,0.5
112,2016,0.5
112,2017,0.59
116,2002,0.05
116,2015,0.12
124,2000,1.86
124,2001,2.03
124,2002,1.98
124,2003,1.97
124,2004,2
124,2005,1.98
124,2006,1.95
124,2007,1.91
124,2008,1.86
124,2009,1.92
124,2010,1.83
124,2011,1.79
124,2012,1.78
124,2013,1.71
124,2014,1.72
124,2015,1.65
124,2016,1.6
124,2017,1.53
127,2000,0.31
127,2001,0.32
127,2002,0.33
127,2003,0.41
127,2004,0.38
127,2005,0.46
127,2006,0.45
127,2007,0.5
127,2008,0.49
127,2009,0.48
127,2010,0.45
127,2011,0.46
127,2012,0.47
127,2013,0.39
127,2014,0.38
127,2015,0.36
127,2016,0.37
132,2011,0.07
135,2000,0.23
135,2001,0.26
135,2002,0.26
135,2003,0.26
135,2004,0.25
135,2005,0.25
135,2006,0.22
135,2007,0.2
135,2008,0.2
135,2009,0.22
135,2010,0.17
135,2011,0.17
135,2012,0.18
135,2013,0.18
135,2014,0.18
135,2015,0.19
135,2016,0.18
143,2000,0.22
143,2001,0.24
143,2002,0.25
143,2003,0.25
143,2004,0.24
143,2005,0.26
143,2006,0.23
143,2007,0.21
143,2008,0.2
143,2009,0.21
143,2010,0.16
143,2011,0.16
143,2012,0.17
143,2013,0.18
143,2014,0.17
143,2015,0.18
143,2016,0.16
144,2000,0.14
144,2004,0.18
144,2006,0.17
144,2008,0.11
144,2010,0.14
144,2013,0.1
144,2014,0.1
144,2015,0.11
145,2000,0.7
145,2001,0.73
145,2002,0.72
145,2003,0.71
145,2004,0.69
145,2005,0.71
145,2006,0.7
145,2007,0.75
145,2008,0.74
145,2009,0.76
145,2010,0.74
145,2011,0.75
145,2012,0.76
145,2013,0.75
145,2014,0.78
145,2015,0.81
145,2016,0.83
148,2016,0.32
150,2000,1.6
150,2001,1.63
150,2002,1.65
150,2003,1.64
150,2004,1.6
150,2005,1.59
150,2006,1.61
150,2007,1.62
150,2008,1.66
150,2009,1.76
150,2010,1.75
150,2011,1.76
150,2012,1.79
150,2013,1.8
150,2014,1.82
150,2015,1.85
150,2016,1.83
152,2007,0.31
152,2008,0.37
152,2009,0.35
152,2010,0.33
152,2011,0.35
152,2012,0.36
152,2013,0.39
152,2014,0.37
152,2015,0.38
152,2016,0.36
156,2000,0.89
156,2001,0.94
156,2002,1.06
156,2003,1.12
156,2004,1.21
156,2005,1.31
156,2006,1.37
156,2007,1.37
156,2008,1.44
156,2009,1.66
156,2010,1.71
156,2011,1.78
156,2012,1.91
156,2013,1.99
156,2014,2.02
156,2015,2.06
156,2016,2.11
170,2000,0.13
170,2001,0.13
170,2002,0.14
170,2003,0.16
170,2004,0.15
170,2005,0.15
170,2006,0.15
170,2007,0.18
170,2008,0.2
170,2009,0.19
170,2010,0.19
170,2011,0.21
170,2012,0.23
170,2013,0.27
170,2014,0.31
170,2015,0.29
170,2016,0.27
170,2017,0.24
180,2004,0.27
180,2005,0.06
180,2006,0.06
180,2007,0.14
180,2008,0.08
180,2009,0.08
188,2000,0.41
188,2003,0.36
188,2004,0.37
188,2006,0.43
188,2007,0.36
188,2008,0.39
188,2009,0.52
188,2010,0.48
188,2011,0.47
188,2012,0.56
188,2013,0.56
188,2014,0.57
188,2015,0.49
188,2016,0.46
191,2000,1.04
191,2001,0.92
191,2002,0.95
191,2003,0.95
191,2004,1.03
191,2005,0.86
191,2006,0.74
191,2007,0.79
191,2008,0.88
191,2009,0.84
191,2010,0.74
191,2011,0.75
191,2012,0.75
191,2013,0.81
191,2014,0.78
191,2015,0.84
191,2016,0.85
192,2000,0.48
192,2001,0.57
192,2002,0.56
192,2003,0.58
192,2004,0.6
192,2005,0.55
192,2006,0.44
192,2007,0.44
192,2008,0.5
192,2009,0.61
192,2010,0.61
192,2011,0.27
192,2012,0.41
192,2013,0.47
192,2014,0.42
192,2015,0.43
192,2016,0.35
196,2000,0.22
196,2001,0.23
196,2002,0.27
196,2003,0.32
196,2004,0.33
196,2005,0.36
196,2006,0.38
196,2007,0.4
196,2008,0.39
196,2009,0.44
196,2010,0.45
196,2011,0.46
196,2012,0.44
196,2013,0.48
196,2014,0.51
196,2015,0.48
196,2016,0.5
199,2000,0.2
199,2001,0.2
199,2002,0.21
199,2003,0.2
199,2004,0.19
199,2005,0.19
199,2006,0.19
199,2007,0.2
199,2008,0.2
199,2009,0.21
199,2010,0.22
199,2011,0.22
199,2012,0.23
199,2013,0.24
199,2014,0.24
199,2015,0.24
199,2016,0.23
202,2000,0.37
202,2001,0.38
202,2002,0.39
202,2003,0.39
202,2004,0.39
202,2005,0.4
202,2006,0.41
202,2007,0.4
202,2008,0.41
202,2009,0.4
202,2010,0.39
202,2011,0.39
202,2012,0.39
202,2013,0.4
202,2014,0.41
202,2015,0.41
202,2016,0.42
203,2000,1.11
203,2001,1.1
203,2002,1.1
203,2003,1.15
203,2004,1.15
203,2005,1.17
203,2006,1.23
203,2007,1.3
203,2008,1.24
203,2009,1.29
203,2010,1.34
203,2011,1.56
203,2012,1.78
203,2013,1.9
203,2014,1.97
203,2015,1.93
203,2016,1.68
208,2001,2.32
208,2002,2.44
208,2003,2.51
208,2004,2.42
208,2005,2.39
208,2006,2.4
208,2007,2.52
208,2008,2.77
208,2009,3.06
208,2010,2.92
208,2011,2.94
208,2012,2.98
208,2013,2.97
208,2014,2.91
208,2015,2.96
208,2016,2.87
218,2001,0.05
218,2002,0.06
218,2003,0.06
218,2006,0.13
218,2007,0.13
218,2008,0.23
218,2009,0.39
218,2010,0.4
218,2011,0.34
218,2012,0.33
218,2013,0.38
218,2014,0.44
222,2007,0.11
222,2008,0.13
222,2009,0.09
222,2010,0.08
222,2011,0.04
222,2012,0.03
222,2013,0.06
222,2014,0.09
222,2015,0.15
222,2016,0.15
223,2000,1.83
223,2001,1.99
223,2002,1.95
223,2003,2.03
223,2004,2.17
223,2005,2.24
223,2006,2.4
223,2007,2.52
223,2008,2.61
223,2009,2.77
223,2010,2.89
223,2011,3.08
223,2012,3.3
223,2013,3.38
223,2014,3.5
223,2015,3.48
223,2016,3.5
231,2005,0.18
231,2007,0.17
231,2010,0.24
231,2013,0.6
233,2000,0.6
233,2001,0.7
233,2002,0.72
233,2003,0.77
233,2004,0.85
233,2005,0.92
233,2006,1.12
233,2007,1.07
233,2008,1.26
233,2009,1.4
233,2010,1.58
233,2011,2.31
233,2012,2.12
233,2013,1.72
233,2014,1.45
233,2015,1.49
233,2016,1.28
234,2003,0.86
246,2000,3.25
246,2001,3.2
246,2002,3.26
246,2003,3.3
246,2004,3.31
246,2005,3.33
246,2006,3.34
246,2007,3.35
246,2008,3.55
246,2009,3.75
246,2010,3.73
246,2011,3.64
246,2012,3.42
246,2013,3.29
246,2014,3.17
246,2015,2.9
246,2016,2.75
250,2000,2.09
250,2001,2.14
250,2002,2.17
250,2003,2.12
250,2004,2.09
250,2005,2.05
250,2006,2.05
250,2007,2.02
250,2008,2.06
250,2009,2.21
250,2010,2.18
250,2011,2.19
250,2012,2.23
250,2013,2.24
250,2014,2.28
250,2015,2.27
250,2016,2.25
266,2007,0.42
266,2008,0.51
266,2009,0.58
268,2000,0.22
268,2001,0.24
268,2002,0.19
268,2003,0.22
268,2004,0.24
268,2005,0.18
268,2013,0.08
268,2014,0.18
268,2015,0.32
268,2016,0.3
270,2008,0.02
270,2009,0.02
270,2011,0.13
275,2007,0.21
275,2008,0.16
275,2009,0.4
275,2010,0.39
275,2013,0.49
276,2000,2.39
276,2001,2.39
276,2002,2.42
276,2003,2.46
276,2004,2.42
276,2005,2.42
276,2006,2.46
276,2007,2.45
276,2008,2.6
276,2009,2.73
276,2010,2.71
276,2011,2.8
276,2012,2.87
276,2013,2.82
276,2014,2.87
276,2015,2.92
276,2016,2.94
288,2007,0.23
288,2010,0.38
300,2001,0.56
300,2003,0.55
300,2004,0.53
300,2005,0.58
300,2006,0.56
300,2007,0.58
300,2008,0.66
300,2009,0.63
300,2010,0.6
300,2011,0.67
300,2012,0.7
300,2013,0.81
300,2014,0.83
300,2015,0.97
300,2016,1.01
304,2001,0.53
304,2002,0.56
304,2003,0.51
304,2004,0.65
316,2003,0.27
316,2004,0.26
316,2005,0.26
320,2005,0.04
320,2006,0.05
320,2007,0.07
320,2008,0.06
320,2009,0.06
320,2010,0.04
320,2011,0.05
320,2012,0.04
320,2013,0.04
320,2014,0.03
320,2015,0.03
340,2000,0.04
340,2001,0.04
340,2002,0.04
340,2003,0.04
340,2004,0.04
340,2015,0.01
344,2000,0.46
344,2001,0.54
344,2002,0.58
344,2003,0.68
344,2004,0.72
344,2005,0.77
344,2006,0.79
344,2007,0.75
344,2008,0.72
344,2009,0.77
344,2010,0.75
344,2011,0.72
344,2012,0.73
344,2013,0.73
344,2014,0.74
344,2015,0.76
344,2016,0.79
344,2017,0.8
348,2000,0.79
348,2001,0.91
348,2002,0.98
348,2003,0.92
348,2004,0.86
348,2005,0.92
348,2006,0.98
348,2007,0.96
348,2008,0.98
348,2009,1.13
348,2010,1.14
348,2011,1.19
348,2012,1.26
348,2013,1.39
348,2014,1.35
348,2015,1.36
348,2016,1.21
352,2000,2.6
352,2001,2.87
352,2002,2.86
352,2003,2.73
352,2005,2.71
352,2006,2.92
352,2007,2.57
352,2008,2.52
352,2009,2.64
352,2011,2.48
352,2013,1.76
352,2014,2
352,2015,2.17
352,2016,2.08
356,2000,0.77
356,2001,0.75
356,2002,0.74
356,2003,0.73
356,2004,0.77
356,2005,0.84
356,2006,0.82
356,2007,0.82
356,2008,0.87
356,2009,0.84
356,2010,0.82
356,2011,0.83
356,2015,0.62
360,2000,0.07
360,2001,0.05
360,2009,0.08
360,2013,0.08
364,2001,0.5
364,2002,0.5
364,2003,0.59
364,2004,0.5
364,2005,0.62
364,2006,0.56
364,2008,0.65
364,2009,0.27
364,2010,0.26
364,2012,0.32
364,2013,0.25
368,2007,0.05
368,2008,0.03
368,2009,0.05
368,2010,0.04
368,2011,0.03
368,2014,0.04
368,2015,0.04
368,2016,0.04
368,2017,0.04
372,2000,1.08
372,2001,1.05
372,2002,1.06
372,2003,1.12
372,2004,1.18
372,2005,1.19
372,2006,1.2
372,2007,1.23
372,2008,1.39
372,2009,1.61
372,2010,1.59
372,2011,1.55
372,2012,1.57
372,2013,1.58
372,2014,1.53
372,2015,1.2
372,2016,1.18
376,2000,3.93
376,2001,4.19
376,2002,4.13
376,2003,3.9
376,2004,3.87
376,2005,4.05
376,2006,4.14
376,2007,4.43
376,2008,4.35
376,2009,4.13
376,2010,3.94
376,2011,4.01
376,2012,4.16
376,2013,4.15
376,2014,4.2
376,2015,4.27
376,2016,4.25
380,2000,1.01
380,2001,1.04
380,2002,1.08
380,2003,1.06
380,2004,1.05
380,2005,1.05
380,2006,1.09
380,2007,1.13
380,2008,1.16
380,2009,1.22
380,2010,1.22
380,2011,1.21
380,2012,1.27
380,2013,1.31
380,2014,1.34
380,2015,1.34
380,2016,1.29
388,2001,0.05
388,2002,0.06
392,2000,2.91
392,2001,2.97
392,2002,3.01
392,2003,3.04
392,2004,3.03
392,2005,3.18
392,2006,3.28
392,2007,3.34
392,2008,3.34
392,2009,3.23
392,2010,3.14
392,2011,3.24
392,2012,3.21
392,2013,3.31
392,2014,3.4
392,2015,3.28
392,2016,3.14
398,2000,0.18
398,2001,0.22
398,2002,0.26
398,2003,0.25
398,2004,0.25
398,2005,0.28
398,2006,0.24
398,2007,0.21
398,2008,0.22
398,2009,0.23
398,2010,0.15
398,2011,0.15
398,2012,0.17
398,2013,0.17
398,2014,0.17
398,2015,0.17
398,2016,0.14
400,2002,0.34
400,2008,0.43
400,2016,0.33
404,2007,0.36
404,2010,0.79
410,2000,2.18
410,2001,2.34
410,2002,2.27
410,2003,2.35
410,2004,2.53
410,2005,2.63
410,2006,2.83
410,2007,3
410,2008,3.12
410,2009,3.29
410,2010,3.47
410,2011,3.74
410,2012,4.03
410,2013,4.15
410,2014,4.29
410,2015,4.22
410,2016,4.23
414,2000,0.13
414,2001,0.18
414,2002,0.18
414,2003,0.14
414,2004,0.13
414,2005,0.1
414,2006,0.08
414,2007,0.09
414,2008,0.09
414,2009,0.11
414,2010,0.1
414,2011,0.1
414,2012,0.1
414,2013,0.3
414,2014,0.43
414,2015,0.1
414,2016,0.08
414,2017,0.08
417,2000,0.16
417,2001,0.17
417,2002,0.2
417,2003,0.22
417,2004,0.2
417,2005,0.2
417,2006,0.23
417,2007,0.23
417,2008,0.19
417,2009,0.16
417,2010,0.16
417,2011,0.16
417,2012,0.17
417,2013,0.15
417,2014,0.13
417,2015,0.12
417,2016,0.11
417,2017,0.11
418,2002,0.04
419,2000,0.53
419,2001,0.54
419,2002,0.54
419,2003,0.55
419,2004,0.54
419,2005,0.55
419,2006,0.54
419,2007,0.58
419,2008,0.62
419,2009,0.65
419,2010,0.66
419,2011,0.64
419,2012,0.64
419,2013,0.68
419,2014,0.71
419,2015,0.72
419,2016,0.66
426,2002,0.04
426,2003,0.04
426,2004,0.06
426,2009,0.03
426,2011,0.01
426,2015,0.05
428,2000,0.44
428,2001,0.4
428,2002,0.41
428,2003,0.36
428,2004,0.4
428,2005,0.53
428,2006,0.65
428,2007,0.55
428,2008,0.58
428,2009,0.45
428,2010,0.61
428,2011,0.7
428,2012,0.66
428,2013,0.61
428,2014,0.69
428,2015,0.63
428,2016,0.44
432,2000,0.24
432,2001,0.25
432,2002,0.26
432,2003,0.25
432,2004,0.24
432,2005,0.24
432,2006,0.23
432,2007,0.22
432,2008,0.22
432,2009,0.24
432,2010,0.22
432,2011,0.23
432,2012,0.24
432,2013,0.25
432,2014,0.24
432,2015,0.24
432,2016,0.24
440,2000,0.58
440,2001,0.67
440,2002,0.66
440,2003,0.66
440,2004,0.75
440,2005,0.75
440,2006,0.79
440,2007,0.8
440,2008,0.79
440,2009,0.83
440,2010,0.78
440,2011,0.9
440,2012,0.89
440,2013,0.95
440,2014,1.03
440,2015,1.04
440,2016,0.85
442,2000,1.58
442,2003,1.63
442,2004,1.6
442,2005,1.57
442,2006,1.67
442,2007,1.59
442,2008,1.62
442,2009,1.68
442,2010,1.5
442,2011,1.46
442,2012,1.27
442,2013,1.3
442,2014,1.26
442,2015,1.27
442,2016,1.24
446,2001,0.06
446,2002,0.07
446,2003,0.06
446,2004,0.05
446,2005,0.09
446,2006,0.08
446,2007,0.06
446,2008,0.1
446,2009,0.05
446,2010,0.05
446,2011,0.04
446,2012,0.05
446,2013,0.05
446,2014,0.09
446,2015,0.14
446,2016,0.23
446,2017,0.17
450,2000,0.12
450,2001,0.22
450,2002,0.25
450,2003,0.34
450,2004,0.22
450,2005,0.18
450,2006,0.16
450,2007,0.14
450,2008,0.13
450,2009,0.15
450,2010,0.11
450,2011,0.11
450,2014,0.02
450,2016,0.01
450,2017,0.01
458,2000,0.47
458,2002,0.65
458,2004,0.6
458,2006,0.61
458,2008,0.79
458,2009,1.01
458,2010,1.04
458,2011,1.03
458,2012,1.09
458,2014,1.26
458,2015,1.3
466,2007,0.22
466,2010,0.58
466,2015,0.31
466,2017,0.29
470,2002,0.24
470,2003,0.24
470,2004,0.49
470,2005,0.53
470,2006,0.58
470,2007,0.55
470,2008,0.53
470,2009,0.52
470,2010,0.61
470,2011,0.67
470,2012,0.83
470,2013,0.77
470,2014,0.71
470,2015,0.75
470,2016,0.6
480,2000,0.29
480,2001,0.37
480,2002,0.37
480,2003,0.34
480,2004,0.38
480,2005,0.37
480,2012,0.18
484,2000,0.31
484,2001,0.32
484,2002,0.37
484,2003,0.38
484,2004,0.39
484,2005,0.4
484,2006,0.37
484,2007,0.43
484,2008,0.47
484,2009,0.52
484,2010,0.53
484,2011,0.51
484,2012,0.49
484,2013,0.5
484,2014,0.53
484,2015,0.52
484,2016,0.49
485,2000,0.51
485,2001,0.52
485,2002,0.52
485,2003,0.53
485,2004,0.53
485,2005,0.54
485,2006,0.54
485,2007,0.57
485,2008,0.57
485,2009,0.59
485,2010,0.59
485,2011,0.6
485,2012,0.61
485,2013,0.59
485,2014,0.63
485,2015,0.66
485,2016,0.68
492,2004,0.04
492,2005,0.04
496,2000,0.19
496,2001,0.27
496,2002,0.25
496,2003,0.25
496,2004,0.27
496,2005,0.24
496,2006,0.19
496,2007,0.24
496,2008,0.34
496,2009,0.3
496,2010,0.24
496,2011,0.23
496,2012,0.24
496,2013,0.23
496,2014,0.22
496,2015,0.15
496,2016,0.18
496,2017,0.13
498,2003,0.32
498,2004,0.35
498,2005,0.4
498,2006,0.41
498,2007,0.55
498,2008,0.53
498,2009,0.53
498,2010,0.44
498,2011,0.4
498,2012,0.42
498,2013,0.35
498,2014,0.37
498,2015,0.37
498,2016,0.33
498,2017,0.3
499,2003,0.8
499,2004,1.02
499,2005,0.92
499,2006,1.23
499,2007,1.15
499,2011,0.31
499,2013,0.37
499,2014,0.36
499,2015,0.37
504,2001,0.61
504,2002,0.53
504,2003,0.63
504,2006,0.61
504,2010,0.71
508,2002,0.42
508,2006,0.46
508,2008,0.15
508,2010,0.42
508,2015,0.34
512,2011,0.14
512,2012,0.21
512,2013,0.17
512,2014,0.21
512,2015,0.25
512,2016,0.26
512,2017,0.22
513,2000,2.05
513,2001,2.07
513,2002,2.04
513,2003,2.04
513,2004,1.99
513,2005,2
513,2006,2.02
513,2007,2.05
513,2008,2.13
513,2009,2.21
513,2010,2.17
513,2011,2.18
513,2012,2.17
513,2013,2.19
513,2014,2.21
513,2015,2.22
513,2016,2.21
514,2000,2.15
514,2001,2.18
514,2002,2.16
514,2003,2.16
514,2004,2.12
514,2005,2.14
514,2006,2.17
514,2007,2.21
514,2008,2.27
514,2009,2.33
514,2010,2.28
514,2011,2.3
514,2012,2.29
514,2013,2.32
514,2014,2.34
514,2015,2.34
514,2016,2.31
515,2000,0.65
515,2001,0.68
515,2002,0.71
515,2003,0.73
515,2004,0.76
515,2005,0.81
515,2006,0.84
515,2007,0.87
515,2008,0.92
515,2009,1
515,2010,1.02
515,2011,1.06
515,2012,1.11
515,2013,1.15
515,2014,1.17
515,2015,1.19
515,2016,1.21
516,2010,0.14
516,2014,0.34
518,2000,1.1
518,2001,1.16
518,2002,1.24
518,2003,1.3
518,2004,1.39
518,2005,1.48
518,2006,1.54
518,2007,1.56
518,2008,1.62
518,2009,1.82
518,2010,1.87
518,2011,1.95
518,2012,2.08
518,2013,2.16
518,2014,2.19
518,2015,2.22
518,2016,2.26
524,2008,0.05
524,2009,0.26
524,2010,0.3
528,2000,1.81
528,2001,1.82
528,2002,1.77
528,2003,1.81
528,2004,1.81
528,2005,1.79
528,2006,1.76
528,2007,1.69
528,2008,1.64
528,2009,1.69
528,2010,1.72
528,2011,1.9
528,2012,1.94
528,2013,1.95
528,2014,2
528,2015,2
528,2016,2.03
554,2001,1.1
554,2003,1.15
554,2005,1.12
554,2007,1.16
554,2009,1.25
554,2011,1.23
554,2013,1.15
554,2015,1.26
558,2002,0.03
558,2011,0.08
558,2012,0.1
558,2013,0.1
558,2014,0.09
558,2015,0.11
566,2007,0.22
578,2001,1.56
578,2002,1.63
578,2003,1.68
578,2004,1.55
578,2005,1.48
578,2006,1.46
578,2007,1.56
578,2008,1.55
578,2009,1.72
578,2010,1.65
578,2011,1.63
578,2012,1.62
578,2013,1.65
578,2014,1.71
578,2015,1.93
578,2016,2.03
586,2000,0.13
586,2001,0.17
586,2002,0.22
586,2005,0.44
586,2007,0.63
586,2009,0.45
586,2011,0.33
586,2013,0.29
586,2015,0.25
591,2000,0.36
591,2001,0.36
591,2002,0.34
591,2003,0.32
591,2004,0.23
591,2005,0.23
591,2006,0.24
591,2007,0.18
591,2008,0.19
591,2009,0.13
591,2010,0.14
591,2011,0.17
591,2012,0.08
591,2013,0.06
598,2016,0.03
600,2001,0.07
600,2002,0.09
600,2003,0.07
600,2004,0.07
600,2005,0.07
600,2008,0.05
600,2011,0.06
600,2012,0.09
600,2014,0.1
600,2015,0.13
600,2016,0.15
604,2000,0.11
604,2001,0.11
604,2002,0.11
604,2003,0.11
604,2004,0.16
604,2011,0.08
604,2012,0.06
604,2013,0.08
604,2014,0.11
604,2015,0.12
604,2016,0.12
604,2017,0.12
608,2002,0.14
608,2003,0.13
608,2005,0.11
608,2007,0.11
608,2009,0.11
608,2011,0.12
608,2013,0.14
616,2000,0.64
616,2001,0.62
616,2002,0.56
616,2003,0.54
616,2004,0.55
616,2005,0.56
616,2006,0.55
616,2007,0.56
616,2008,0.6
616,2009,0.66
616,2010,0.72
616,2011,0.75
616,2012,0.88
616,2013,0.87
616,2014,0.94
616,2015,1
616,2016,0.97
620,2000,0.72
620,2001,0.76
620,2002,0.72
620,2003,0.7
620,2004,0.73
620,2005,0.76
620,2006,0.95
620,2007,1.12
620,2008,1.45
620,2009,1.58
620,2010,1.53
620,2011,1.46
620,2012,1.38
620,2013,1.33
620,2014,1.29
620,2015,1.24
620,2016,1.27
630,2009,0.45
630,2013,0.44
630,2015,0.43
634,2012,0.48
634,2015,0.51
642,2000,0.36
642,2001,0.39
642,2002,0.38
642,2003,0.38
642,2004,0.38
642,2005,0.41
642,2006,0.45
642,2007,0.51
642,2008,0.55
642,2009,0.45
642,2010,0.46
642,2011,0.5
642,2012,0.48
642,2013,0.39
642,2014,0.38
642,2015,0.49
642,2016,0.48
643,2000,1.05
643,2001,1.18
643,2002,1.25
643,2003,1.29
643,2004,1.15
643,2005,1.07
643,2006,1.07
643,2007,1.12
643,2008,1.04
643,2009,1.25
643,2010,1.13
643,2011,1.01
643,2012,1.03
643,2013,1.03
643,2014,1.07
643,2015,1.1
643,2016,1.1
670,2001,0.04
670,2002,0.12
682,2003,0.06
682,2004,0.05
682,2005,0.04
682,2006,0.04
682,2007,0.05
682,2008,0.05
682,2009,0.07
682,2010,0.88
682,2011,0.9
682,2012,0.88
682,2013,0.82
686,2008,0.37
686,2010,0.54
686,2015,0.75
688,2000,0.9
688,2001,0.32
688,2002,0.68
688,2003,0.52
688,2004,0.3
688,2005,0.42
688,2006,0.47
688,2007,0.62
688,2008,0.71
688,2009,0.87
688,2010,0.74
688,2011,0.72
688,2012,0.91
688,2013,0.73
688,2014,0.77
688,2015,0.87
688,2016,0.89
688,2017,0.93
690,2001,0.43
690,2002,0.41
690,2003,0.41
690,2004,0.35
690,2005,0.3
690,2016,0.22
702,2000,1.82
702,2001,2.02
702,2002,2.07
702,2003,2.03
702,2004,2.1
702,2005,2.16
702,2006,2.13
702,2007,2.34
702,2008,2.62
702,2009,2.16
702,2010,2.01
702,2011,2.15
702,2012,1.99
702,2013,1.99
702,2014,2.16
703,2000,0.64
703,2001,0.63
703,2002,0.56
703,2003,0.56
703,2004,0.5
703,2005,0.49
703,2006,0.48
703,2007,0.45
703,2008,0.46
703,2009,0.47
703,2010,0.62
703,2011,0.66
703,2012,0.8
703,2013,0.82
703,2014,0.88
703,2015,1.18
703,2016,0.79
704,2002,0.19
704,2011,0.19
704,2013,0.37
704,2015,0.44
705,2000,1.36
705,2001,1.47
705,2002,1.44
705,2003,1.25
705,2004,1.37
705,2005,1.41
705,2006,1.53
705,2007,1.42
705,2008,1.63
705,2009,1.82
705,2010,2.06
705,2011,2.42
705,2012,2.57
705,2013,2.58
705,2014,2.37
705,2015,2.2
705,2016,2
710,2001,0.72
710,2003,0.76
710,2004,0.81
710,2005,0.86
710,2006,0.9
710,2007,0.88
710,2008,0.89
710,2009,0.84
710,2010,0.74
710,2011,0.73
710,2012,0.73
710,2013,0.72
710,2014,0.77
710,2015,0.8
722,2000,0.8
722,2001,0.87
722,2002,0.9
722,2003,0.89
722,2004,0.94
722,2005,0.96
722,2006,0.93
722,2007,1.01
722,2008,1.12
722,2009,0.99
722,2010,0.98
722,2011,0.96
722,2012,0.95
722,2013,0.97
722,2014,1.03
722,2015,1.07
722,2016,1.03
724,2000,0.88
724,2001,0.89
724,2002,0.96
724,2003,1.02
724,2004,1.04
724,2005,1.1
724,2006,1.17
724,2007,1.23
724,2008,1.32
724,2009,1.35
724,2010,1.35
724,2011,1.33
724,2012,1.29
724,2013,1.27
724,2014,1.24
724,2015,1.22
724,2016,1.19
729,2000,0.47
729,2001,0.45
729,2002,0.4
729,2003,0.34
729,2004,0.3
729,2005,0.3
738,2000,0.38
738,2001,0.39
738,2002,0.39
738,2003,0.39
738,2004,0.39
738,2005,0.4
738,2006,0.4
738,2007,0.4
738,2008,0.4
738,2009,0.4
738,2010,0.38
738,2011,0.39
738,2012,0.39
738,2013,0.4
738,2014,0.4
738,2015,0.41
738,2016,0.41
746,2000,0.28
746,2001,0.3
746,2002,0.34
746,2003,0.32
746,2004,0.33
746,2005,0.32
746,2006,0.33
746,2007,0.34
746,2008,0.36
746,2009,0.45
746,2010,0.46
746,2011,0.52
746,2012,0.51
746,2013,0.58
746,2014,0.59
746,2015,0.64
746,2016,0.64
747,2000,0.58
747,2001,0.6
747,2002,0.61
747,2003,0.59
747,2004,0.59
747,2005,0.6
747,2006,0.6
747,2007,0.63
747,2008,0.63
747,2009,0.66
747,2010,0.66
747,2011,0.69
747,2012,0.69
747,2013,0.7
747,2014,0.72
747,2015,0.76
747,2016,0.77
748,2015,0.27
752,2001,3.91
752,2003,3.61
752,2004,3.39
752,2005,3.39
752,2006,3.5
752,2007,3.26
752,2008,3.5
752,2009,3.45
752,2010,3.22
752,2011,3.25
752,2012,3.28
752,2013,3.31
752,2014,3.15
752,2015,3.27
752,2016,3.25
753,2000,1.51
753,2001,1.55
753,2002,1.58
753,2003,1.59
753,2004,1.62
753,2005,1.68
753,2006,1.73
753,2007,1.73
753,2008,1.76
753,2009,1.82
753,2010,1.83
753,2011,1.89
753,2012,1.96
753,2013,2.03
753,2014,2.06
753,2015,2.06
753,2016,2.07
756,2000,2.32
756,2004,2.67
756,2008,2.71
756,2012,3.19
756,2015,3.37
760,2015,0.01
762,2001,0.09
762,2002,0.07
762,2003,0.07
762,2004,0.07
762,2005,0.1
762,2006,0.11
762,2007,0.07
762,2008,0.07
762,2009,0.09
762,2010,0.09
762,2011,0.12
762,2012,0.11
762,2013,0.12
762,2014,0.11
762,2015,0.11
762,2016,0.11
762,2017,0.12
764,2000,0.24
764,2001,0.25
764,2002,0.23
764,2003,0.25
764,2004,0.24
764,2005,0.22
764,2006,0.23
764,2007,0.2
764,2008,0.2
764,2009,0.23
764,2011,0.36
764,2013,0.44
764,2014,0.48
764,2015,0.62
764,2016,0.78
768,2010,0.25
768,2012,0.22
768,2014,0.27
780,2000,0.11
780,2001,0.1
780,2002,0.13
780,2003,0.12
780,2004,0.11
780,2005,0.11
780,2006,0.07
780,2007,0.06
780,2008,0.03
780,2009,0.06
780,2010,0.05
780,2011,0.04
780,2012,0.04
780,2013,0.06
780,2014,0.08
780,2015,0.09
780,2016,0.09
784,2011,0.49
784,2014,0.69
784,2015,0.9
784,2016,0.96
788,2002,0.54
788,2003,0.65
788,2004,0.73
788,2005,0.71
788,2006,0.68
788,2007,0.67
788,2008,0.64
788,2009,0.71
788,2010,0.69
788,2011,0.71
788,2012,0.68
788,2013,0.67
788,2014,0.65
788,2015,0.63
788,2016,0.6
792,2000,0.47
792,2001,0.53
792,2002,0.51
792,2003,0.47
792,2004,0.5
792,2005,0.57
792,2006,0.56
792,2007,0.69
792,2008,0.69
792,2009,0.81
792,2010,0.8
792,2011,0.8
792,2012,0.83
792,2013,0.82
792,2014,0.86
792,2015,0.88
800,2002,0.37
800,2003,0.26
800,2004,0.26
800,2005,0.22
800,2006,0.3
800,2007,0.39
800,2008,0.33
800,2009,0.35
800,2010,0.48
800,2014,0.17
804,2000,0.96
804,2001,1.02
804,2002,1
804,2003,1.11
804,2004,1.08
804,2005,1.03
804,2006,0.95
804,2007,0.85
804,2008,0.85
804,2009,0.86
804,2010,0.83
804,2011,0.74
804,2012,0.75
804,2013,0.76
804,2014,0.65
804,2015,0.61
804,2016,0.48
804,2017,0.45
807,2000,0.42
807,2001,0.29
807,2002,0.24
807,2003,0.21
807,2004,0.23
807,2005,0.23
807,2006,0.19
807,2007,0.17
807,2008,0.22
807,2009,0.2
807,2010,0.22
807,2011,0.22
807,2012,0.33
807,2013,0.44
807,2014,0.52
807,2015,0.44
807,2016,0.43
807,2017,0.35
818,2000,0.19
818,2004,0.27
818,2005,0.24
818,2006,0.26
818,2007,0.26
818,2008,0.27
818,2009,0.43
818,2010,0.43
818,2011,0.53
818,2012,0.51
818,2013,0.64
818,2014,0.64
818,2015,0.72
818,2016,0.71
818,2017,0.61
826,2000,1.63
826,2001,1.62
826,2002,1.63
826,2003,1.59
826,2004,1.55
826,2005,1.56
826,2006,1.59
826,2007,1.63
826,2008,1.63
826,2009,1.69
826,2010,1.67
826,2011,1.67
826,2012,1.6
826,2013,1.65
826,2014,1.67
826,2015,1.67
826,2016,1.69
834,2007,0.34
834,2010,0.38
834,2013,0.53
840,2000,2.62
840,2001,2.64
840,2002,2.55
840,2003,2.55
840,2004,2.49
840,2005,2.51
840,2006,2.55
840,2007,2.63
840,2008,2.77
840,2009,2.82
840,2010,2.74
840,2011,2.77
840,2012,2.69
840,2013,2.72
840,2014,2.73
840,2015,2.74
840,2016,2.74
850,2002,0.07
850,2003,0.04
850,2004,0.03
850,2005,0.03
850,2006,0.03
850,2007,0.03
854,2001,0.19
854,2002,0.34
854,2003,0.27
854,2004,0.24
854,2005,0.17
854,2007,0.11
854,2008,0.19
854,2009,0.2
854,2014,0.22
858,2000,0.21
858,2002,0.24
858,2006,0.37
858,2007,0.42
858,2008,0.38
858,2009,0.41
858,2010,0.34
858,2011,0.35
858,2012,0.33
858,2013,0.32
858,2014,0.34
858,2015,0.36
858,2016,0.41
860,2000,0.36
860,2001,0.35
860,2002,0.29
860,2003,0.27
860,2004,0.27
860,2005,0.24
860,2006,0.22
860,2007,0.22
860,2008,0.19
860,2009,0.2
860,2010,0.2
860,2011,0.19
860,2012,0.2
860,2013,0.2
860,2014,0.2
860,2015,0.21
860,2016,0.22
860,2017,0.19
862,2005,0.19
862,2006,0.32
862,2007,0.2
862,2008,0.24
862,2009,0.24
862,2010,0.19
862,2011,0.15
862,2012,0.25
862,2013,0.32
862,2014,0.34
862,2015,0.24
862,2016,0.12
894,2002,0.01
894,2003,0.01
894,2004,0.02
894,2005,0.02
894,2008,0.28
