geo_area,year,bx_trf_pwkr
1,1990,0.4
1,1991,0.33
1,1992,0.34
1,1993,0.34
1,1994,0.35
1,1995,0.32
1,1996,0.32
1,1997,0.37
1,1998,0.37
1,1999,0.37
1,2000,0.37
1,2001,0.41
1,2002,0.45
1,2003,0.5
1,2004,0.51
1,2005,0.55
1,2006,0.59
1,2007,0.62
1,2008,0.65
1,2009,0.66
1,2010,0.65
1,2011,0.65
1,2012,0.67
1,2013,0.69
1,2014,0.71
1,2015,0.76
1,2016,0.72
2,1990,2.18
2,1991,2.42
2,1992,2.94
2,1993,2.9
2,1994,2.41
2,1995,2.17
2,1996,2
2,1997,2.35
2,1998,2.34
2,1999,2.19
2,2000,2
2,2001,2.16
2,2002,2.28
2,2003,2.23
2,2004,2.37
2,2005,3.27
2,2006,3.28
2,2007,3.51
2,2008,3.17
2,2009,3.13
2,2010,2.9
2,2011,2.94
2,2012,3.01
2,2013,2.82
2,2014,2.87
2,2015,3.11
2,2016,2.99
4,2008,2.78
4,2009,1.22
4,2010,2.15
4,2011,1.03
4,2012,1.23
4,2013,1.55
4,2014,1.3
4,2015,1.57
4,2016,2.21
5,1990,0.16
5,1991,0.24
5,1992,0.35
5,1993,0.28
5,1994,0.39
5,1995,0.38
5,1996,0.3
5,1997,0.27
5,1998,0.26
5,1999,0.43
5,2000,0.41
5,2001,0.5
5,2002,0.73
5,2003,0.83
5,2004,0.77
5,2005,0.69
5,2006,0.69
5,2007,0.63
5,2008,0.55
5,2009,0.49
5,2010,0.41
5,2011,0.36
5,2012,0.34
5,2013,0.34
5,2014,0.33
5,2015,0.46
5,2016,0.49
8,1992,21.4
8,1993,27.03
8,1994,15.47
8,1995,17.62
8,1996,16.62
8,1997,12.73
8,1998,18.62
8,1999,11.92
8,2000,16.46
8,2001,17.22
8,2002,16.54
8,2003,15.46
8,2004,15.87
8,2005,15.81
8,2006,15.12
8,2007,13.72
8,2008,14.49
8,2009,14.26
8,2010,13.34
8,2011,12.04
8,2012,11.53
8,2013,8.56
8,2014,8.63
8,2015,9.24
8,2016,8.86
9,1990,0.89
9,1991,0.87
9,1992,0.71
9,1993,0.56
9,1994,0.66
9,1995,0.5
9,1996,0.56
9,1997,0.33
9,1998,0.18
9,1999,0.19
9,2000,0.18
9,2001,0.21
9,2002,0.2
9,2003,0.21
9,2004,0.2
9,2005,0.21
9,2006,0.2
9,2007,0.22
9,2008,0.2
9,2009,0.2
9,2010,0.21
9,2011,0.22
9,2012,0.2
9,2013,0.19
9,2014,0.19
9,2015,0.2
9,2016,0.2
11,1990,0.99
11,1991,1.1
11,1992,1.22
11,1993,2.78
11,1994,2.41
11,1995,2.36
11,1996,2.26
11,1997,3.45
11,1998,3.09
11,1999,2.64
11,2000,2.65
11,2001,2.51
11,2002,2.24
11,2003,2.12
11,2004,2.69
11,2005,9.48
11,2006,8.64
11,2007,8.06
11,2008,7.1
11,2009,7.83
11,2010,4.81
11,2011,4.98
11,2012,4.56
11,2013,4.14
11,2014,3.94
11,2015,5.07
11,2016,5.05
12,1990,0.57
12,1991,2.82
12,1992,2.9
12,1993,2.28
12,1994,3.28
12,1995,2.68
12,1996,1.87
12,1997,2.2
12,1998,2.2
12,1999,1.62
12,2000,1.44
12,2001,1.22
12,2002,1.89
12,2003,2.58
12,2004,2.88
12,2005,0.16
12,2006,0.16
12,2007,0.07
12,2008,0.06
12,2009,0.11
12,2010,0.12
12,2011,0.1
12,2012,0.1
12,2013,0.1
12,2014,0.14
12,2015,0.17
12,2016,0.17
13,1990,1.29
13,1991,1.13
13,1992,1.21
13,1993,0.96
13,1994,0.98
13,1995,1.57
13,1996,1.52
13,1997,1.42
13,1998,1.57
13,1999,1.44
13,2000,1.44
13,2001,1.75
13,2002,1.97
13,2003,2.85
13,2004,3.17
13,2005,3.3
13,2006,3.51
13,2007,3.36
13,2008,3.14
13,2009,3.25
13,2010,2.84
13,2011,2.69
13,2012,2.69
13,2013,2.58
13,2014,2.69
13,2015,3.12
13,2016,3.64
14,1994,1.31
14,1996,0.86
14,1997,1.66
14,1998,1.67
14,1999,2.01
14,2000,1.94
14,2001,0.91
14,2002,1.11
14,2003,0.9
14,2004,1.34
14,2005,1.34
14,2006,1.39
14,2007,1.54
14,2008,1.48
14,2009,1.95
14,2010,2.22
14,2011,2.51
14,2012,2.6
14,2013,2.3
14,2014,2.38
14,2015,2.33
14,2016,2.16
15,1990,4.53
15,1991,5.67
15,1992,7.06
15,1993,6.12
15,1994,4.81
15,1995,4.25
15,1996,3.82
15,1997,3.91
15,1998,3.77
15,1999,3.44
15,2000,2.73
15,2001,3.26
15,2002,3.63
15,2003,3.94
15,2004,4.16
15,2005,3.29
15,2006,3.18
15,2007,4.01
15,2008,3.66
15,2009,3.28
15,2010,3.87
15,2011,3.78
15,2012,4.12
15,2013,3.85
15,2014,4.02
15,2015,3.73
15,2016,3.54
17,1996,0.12
17,2008,0.2
17,2009,0.18
17,2010,0.12
17,2011,0.22
17,2012,0.16
17,2013,0.18
17,2014,0.19
17,2015,0.24
17,2016,0.17
18,1990,0.63
18,1991,0.58
18,1992,0.55
18,1993,0.47
18,1994,0.39
18,1995,0.39
18,1996,0.37
18,1997,0.42
18,1998,0.46
18,1999,0.46
18,2000,0.6
18,2001,0.57
18,2002,0.57
18,2003,0.55
18,2004,0.51
18,2005,0.52
18,2006,0.52
18,2007,0.5
18,2008,0.48
18,2009,0.5
18,2010,0.45
18,2011,0.44
18,2012,0.42
18,2013,0.4
18,2014,0.39
18,2015,0.39
18,2016,0.39
19,1990,0.1
19,1991,0.11
19,1992,0.13
19,1993,0.13
19,1994,0.15
19,1995,0.16
19,1996,0.15
19,1997,0.15
19,1998,0.16
19,1999,0.18
19,2000,0.19
19,2001,0.22
19,2002,0.24
19,2003,0.29
19,2004,0.31
19,2005,0.32
19,2006,0.36
19,2007,0.36
19,2008,0.34
19,2009,0.32
19,2010,0.3
19,2011,0.3
19,2012,0.29
19,2013,0.29
19,2014,0.29
19,2015,0.31
19,2016,0.33
21,1990,0.02
21,1991,0.02
21,1992,0.03
21,1993,0.03
21,1994,0.03
21,1995,0.03
21,1996,0.03
21,1997,0.03
21,1998,0.03
21,1999,0.05
21,2000,0.04
21,2001,0.05
21,2002,0.04
21,2003,0.04
21,2004,0.04
21,2005,0.04
21,2006,0.05
21,2007,0.05
21,2008,0.05
21,2009,0.05
21,2010,0.05
21,2011,0.05
21,2012,0.05
21,2013,0.05
21,2014,0.04
21,2015,0.04
21,2016,0.04
24,1996,0.07
24,2008,0.1
24,2009,0
24,2010,0.02
24,2011,0
24,2012,0.03
24,2013,0.03
24,2014,0.02
24,2015,0.01
24,2016,0
28,1990,2.73
28,1991,0.63
28,1992,0.54
28,1993,2.17
28,1994,2.03
28,1995,0.58
28,1996,1.41
28,1997,1.4
28,1998,2.58
28,1999,2.4
28,2000,2.09
28,2001,2.96
28,2002,1.75
28,2003,1.91
28,2004,1.91
28,2005,1.79
28,2006,1.67
28,2007,1.58
28,2008,1.6
28,2009,1.69
28,2010,1.75
28,2011,1.78
28,2012,1.72
28,2013,1.77
28,2014,2.24
28,2015,2.12
28,2016,2.01
30,1991,0.08
30,1992,0.09
30,1993,0.08
30,1994,0.08
30,1995,0.07
30,1996,0.09
30,1997,0.15
30,1998,0.11
30,1999,0.09
30,2000,0.09
30,2001,0.11
30,2002,0.14
30,2003,0.17
30,2004,0.18
30,2005,0.12
30,2006,0.13
30,2007,0.15
30,2008,0.17
30,2009,0.15
30,2010,0.17
30,2011,0.17
30,2012,0.17
30,2013,0.17
30,2014,0.24
30,2015,0.32
30,2016,0.26
31,1995,0.1
31,1996,0.13
31,1997,0.13
31,1998,0.14
31,1999,1.19
31,2000,1.08
31,2001,1.82
31,2002,2.62
31,2003,2.14
31,2004,2.35
31,2005,4.71
31,2006,3.77
31,2007,3.84
31,2008,3.11
31,2009,2.83
31,2010,2.67
31,2011,2.87
31,2012,2.86
31,2013,2.34
31,2014,2.45
31,2015,2.39
31,2016,1.7
32,1990,0.02
32,1991,0.01
32,1992,0.01
32,1993,0.02
32,1994,0.02
32,1995,0.02
32,1996,0.02
32,1997,0.02
32,1998,0.02
32,1999,0.02
32,2000,0.03
32,2001,0.07
32,2002,0.21
32,2003,0.21
32,2004,0.19
32,2005,0.22
32,2006,0.23
32,2007,0.21
32,2008,0.2
32,2009,0.19
32,2010,0.15
32,2011,0.13
32,2012,0.11
32,2013,0.1
32,2014,0.1
32,2015,0.08
32,2016,0.1
34,1990,1.4
34,1991,1.72
34,1992,1.58
34,1993,1.86
34,1994,2.16
34,1995,2.04
34,1996,2.03
34,1997,2.28
34,1998,2.13
34,1999,2.22
34,2000,2.46
34,2001,2.63
34,2002,3.17
34,2003,3.42
34,2004,2.75
34,2005,2.83
34,2006,3.03
34,2007,3.02
34,2008,3.8
34,2009,3.65
34,2010,3.29
34,2011,3.42
34,2012,3.77
34,2013,3.97
34,2014,3.89
34,2015,3.87
34,2016,3.37
35,1990,0.97
35,1991,0.99
35,1992,0.93
35,1993,1
35,1994,1.11
35,1995,1.42
35,1996,1.25
35,1997,1.65
35,1998,2.14
35,1999,2.18
35,2000,2.24
35,2001,2.53
35,2002,2.59
35,2003,2.48
35,2004,2.52
35,2005,3.04
35,2006,2.84
35,2007,2.74
35,2008,2.59
35,2009,2.74
35,2010,2.46
35,2011,2.27
35,2012,2.33
35,2013,2.52
35,2014,2.64
35,2015,2.86
35,2016,2.72
36,1990,0.76
36,1991,0.76
36,1992,0.59
36,1993,0.35
36,1994,0.4
36,1995,0.12
36,1996,0.13
36,1997,0.12
36,1998,0.13
36,1999,0.14
36,2000,0.12
36,2001,0.13
36,2002,0.12
36,2003,0.14
36,2004,0.13
36,2005,0.14
36,2006,0.14
36,2007,0.16
36,2008,0.14
36,2009,0.14
36,2010,0.16
36,2011,0.18
36,2012,0.16
36,2013,0.15
36,2014,0.15
36,2015,0.16
36,2016,0.17
39,1990,0.72
39,1991,0.63
39,1992,0.6
39,1993,0.69
39,1994,0.65
39,1995,0.65
39,1996,0.61
39,1997,0.6
39,1998,0.67
39,1999,0.37
39,2000,0.4
39,2001,0.4
39,2002,0.37
39,2003,0.35
39,2004,0.35
39,2005,0.35
39,2006,0.35
39,2007,0.46
39,2008,0.49
39,2009,0.51
39,2010,0.52
39,2011,0.52
39,2012,0.55
39,2013,0.58
39,2014,0.59
39,2015,0.63
39,2016,0.61
40,1990,0.38
40,1991,0.44
40,1992,0.42
40,1993,0.4
40,1994,0.42
40,1995,0.42
40,1996,0.41
40,1997,0.43
40,1998,0.65
40,1999,0.83
40,2000,0.92
40,2001,0.9
40,2002,0.93
40,2003,0.95
40,2004,0.84
40,2005,0.73
40,2006,0.75
40,2007,0.75
40,2008,0.74
40,2009,0.77
40,2010,0.76
40,2011,0.75
40,2012,0.74
40,2013,0.76
40,2014,0.73
40,2015,0.74
40,2016,0.74
50,1990,2.46
50,1991,2.49
50,1992,2.88
50,1993,3.04
50,1994,3.41
50,1995,3.17
50,1996,2.9
50,1997,3.16
50,1998,3.21
50,1999,3.52
50,2000,3.69
50,2001,3.9
50,2002,5.22
50,2003,5.31
50,2004,5.5
50,2005,6.69
50,2006,7.56
50,2007,8.24
50,2008,9.76
50,2009,10.27
50,2010,9.41
50,2011,9.38
50,2012,10.59
50,2013,9.25
50,2014,8.67
50,2015,7.84
50,2016,6.11
51,1995,4.86
51,1996,9.63
51,1997,13.97
51,1998,8.8
51,1999,9.9
51,2000,9.53
51,2001,9.88
51,2002,11.1
51,2003,11.96
51,2004,22.02
51,2005,18.68
51,2006,18.31
51,2007,17.86
51,2008,16.33
51,2009,16.65
51,2010,18.03
51,2011,17.73
51,2012,18.03
51,2013,19.71
51,2014,17.9
51,2015,14.13
51,2016,13.08
52,1990,1.87
52,1991,2.25
52,1992,2.79
52,1993,2.71
52,1994,2.66
52,1995,2.69
52,1996,2.82
52,1997,3.02
52,1998,3.02
52,1999,3.28
52,2000,3.63
52,2001,4.17
52,2002,3.95
52,2003,3.98
52,2004,3.71
52,2005,2.42
52,2006,2.06
52,2007,3.07
52,2008,2.2
52,2009,2.58
52,2010,1.83
52,2011,3.16
52,2012,2.6
52,2013,2.35
52,2014,2.35
52,2015,2.36
52,2016,2.39
53,1990,0.88
53,1991,0.85
53,1992,0.69
53,1993,0.54
53,1994,0.64
53,1995,0.48
53,1996,0.54
53,1997,0.31
53,1998,0.17
53,1999,0.18
53,2000,0.16
53,2001,0.16
53,2002,0.15
53,2003,0.17
53,2004,0.16
53,2005,0.16
53,2006,0.16
53,2007,0.17
53,2008,0.16
53,2009,0.16
53,2010,0.17
53,2011,0.19
53,2012,0.17
53,2013,0.16
53,2014,0.16
53,2015,0.17
53,2016,0.18
54,1994,0.9
54,1999,0.7
54,2000,1.16
54,2001,1.97
54,2002,2.06
54,2003,2.13
54,2004,2.65
54,2005,2.56
54,2006,1.83
54,2007,1.49
54,2008,1.05
54,2009,1.27
54,2010,1.09
54,2011,0.92
54,2012,0.91
54,2013,0.96
54,2014,0.94
54,2015,1.11
54,2016,0.45
56,1990,1.74
56,1991,1.88
56,1992,1.9
56,1993,2.03
56,1994,1.87
56,1995,1.7
56,1996,1.76
56,1997,1.7
56,1998,1.61
56,1999,1.72
56,2000,1.68
56,2001,1.65
56,2002,1.75
56,2003,1.81
56,2004,1.77
56,2005,1.78
56,2006,1.77
56,2007,1.91
56,2008,2.02
56,2009,2.2
56,2010,2.14
56,2011,2.1
56,2012,2.13
56,2013,2.15
56,2014,2.15
56,2015,2.17
56,2016,2.16
60,2006,21.84
60,2007,24.6
60,2008,22.76
60,2009,23.18
60,2010,21.96
60,2011,21.17
60,2012,21.5
60,2013,21.98
61,2001,21.77
61,2011,20.2
61,2012,22.78
61,2013,22.39
62,1990,1.4
62,1991,1.72
62,1992,1.58
62,1993,1.85
62,1994,2.15
62,1995,1.98
62,1996,1.96
62,1997,2.2
62,1998,2.05
62,1999,2.16
62,2000,2.4
62,2001,2.56
62,2002,3.09
62,2003,3.32
62,2004,2.67
62,2005,2.76
62,2006,2.97
62,2007,3.01
62,2008,3.78
62,2009,3.59
62,2010,3.26
62,2011,3.4
62,2012,3.76
62,2013,3.94
62,2014,3.84
62,2015,3.74
62,2016,3.32
64,2006,0.25
64,2007,0.25
64,2008,0.28
64,2009,0.38
64,2010,0.52
64,2011,0.57
64,2012,0.99
64,2013,0.66
64,2014,0.73
64,2015,0.95
64,2016,1.55
68,1990,0.09
68,1991,0.06
68,1992,0.07
68,1993,0.07
68,1994,0.08
68,1995,0.08
68,1996,0.14
68,1997,1.07
68,1998,1.04
68,1999,1.16
68,2000,1.51
68,2001,1.66
68,2002,1.43
68,2003,1.96
68,2004,2.4
68,2005,3.53
68,2006,5.27
68,2007,8.04
68,2008,6.81
68,2009,6.1
68,2010,4.89
68,2011,4.35
68,2012,4.1
68,2013,3.92
68,2014,3.57
68,2015,3.61
68,2016,3.6
70,1998,48.2
70,1999,39.97
70,2000,28.71
70,2001,26.09
70,2002,22.49
70,2003,20.77
70,2004,20.49
70,2005,18.15
70,2006,16.7
70,2007,17.03
70,2008,14.22
70,2009,12.08
70,2010,10.61
70,2011,10.5
70,2012,10.71
70,2013,10.77
70,2014,11.35
70,2015,11.11
70,2016,10.92
72,1990,2.26
72,1991,2.12
72,1992,2.27
72,1993,1.79
72,1994,1.64
72,1995,1.17
72,1996,0.89
72,1997,0.82
72,1998,0.76
72,1999,0.48
72,2000,0.32
72,2001,0.33
72,2002,0.35
72,2003,0.36
72,2004,0.88
72,2005,1.19
72,2006,1.03
72,2007,0.84
72,2008,0.43
72,2009,0.15
72,2010,0.17
72,2011,0.13
72,2012,0.14
72,2013,0.24
72,2014,0.28
72,2015,0.21
72,2016,0.16
76,1990,0.12
76,1991,0.18
76,1992,0.45
76,1993,0.28
76,1994,0.37
76,1995,0.38
76,1996,0.24
76,1997,0.18
76,1998,0.14
76,1999,0.25
76,2000,0.21
76,2001,0.26
76,2002,0.39
76,2003,0.41
76,2004,0.42
76,2005,0.31
76,2006,0.3
76,2007,0.24
76,2008,0.21
76,2009,0.17
76,2010,0.14
76,2011,0.12
76,2012,0.11
76,2013,0.11
76,2014,0.11
76,2015,0.16
76,2016,0.15
84,1990,4.47
84,1991,3.51
84,1992,3.81
84,1993,2.95
84,1994,2.23
84,1995,2.24
84,1996,2.69
84,1997,3.47
84,1998,3.4
84,1999,3.33
84,2000,2.99
84,2001,3.26
84,2002,2.88
84,2003,3.25
84,2004,3.18
84,2005,4.01
84,2006,5.24
84,2007,5.67
84,2008,5.59
84,2009,5.88
84,2010,5.59
84,2011,5.07
84,2012,4.83
84,2013,4.61
84,2014,4.71
84,2015,4.86
84,2016,5.55
90,1999,0.49
90,2000,0.99
90,2001,1.13
90,2002,0.94
90,2003,1.17
90,2004,2.32
90,2005,1.73
90,2006,2.35
90,2007,2.45
90,2008,1.5
90,2009,2.09
90,2010,2.13
90,2011,1.91
90,2012,2.02
90,2013,1.95
90,2014,1.41
90,2015,1.65
90,2016,1.69
100,1996,0.41
100,1997,0.45
100,1998,0.35
100,1999,0.32
100,2000,0.44
100,2001,5.84
100,2002,7.19
100,2003,8.15
100,2004,6.6
100,2005,5.41
100,2006,5
100,2007,3.78
100,2008,3.53
100,2009,3.07
100,2010,2.63
100,2011,2.58
100,2012,2.69
100,2013,2.99
100,2014,2.97
100,2015,2.98
100,2016,3.13
104,2000,1.15
104,2001,1.79
104,2002,1.55
104,2003,0.81
104,2004,1.1
104,2005,1.08
104,2006,0.79
104,2007,0.4
104,2008,0.17
104,2009,0.15
104,2010,0.23
104,2011,0.21
104,2012,0.46
104,2013,2.73
104,2014,0.43
104,2015,0.65
104,2016,1.08
108,2004,0
108,2005,0.01
108,2006,0
108,2007,0.01
108,2008,0.23
108,2009,1.62
108,2010,1.7
108,2011,1.93
108,2012,1.88
108,2013,1.79
108,2014,1.82
108,2015,1.66
108,2016,1.04
112,1993,0
112,1994,0
112,1995,0.2
112,1996,0.63
112,1997,0.33
112,1998,0.35
112,1999,0.51
112,2000,0.9
112,2001,0.54
112,2002,0.55
112,2003,0.92
112,2004,1.03
112,2005,0.66
112,2006,0.73
112,2007,0.64
112,2008,0.96
112,2009,1.02
112,2010,1.01
112,2011,1.44
112,2012,1.6
112,2013,1.61
112,2014,1.56
112,2015,1.65
112,2016,2.03
116,1993,0.37
116,1994,0.4
116,1995,0.34
116,1996,0.33
116,1997,0.34
116,1998,2.31
116,1999,2.34
116,2000,2.81
116,2001,2.83
116,2002,2.87
116,2003,2.75
116,2004,2.76
116,2005,2.6
116,2006,2.53
116,2007,2.15
116,2008,1.82
116,2009,1.37
116,2010,1.36
116,2011,1.25
116,2012,1.23
116,2013,1.14
116,2014,2.25
116,2015,2.22
116,2016,1.85
120,1990,0.21
120,1991,0.06
120,1992,0.22
120,1993,0.13
120,1994,0.11
120,1995,0.12
120,1996,0.13
120,1997,0.13
120,1998,0.21
120,1999,0.14
120,2000,0.22
120,2001,0.16
120,2002,0.25
120,2003,0.52
120,2004,0.59
120,2005,0.43
120,2006,0.67
120,2007,0.75
120,2008,0.61
120,2009,0.71
120,2010,0.44
120,2011,0.75
120,2012,0.72
120,2013,0.75
120,2014,0.81
120,2015,0.78
120,2016,0.75
124,1995,0.08
124,1996,0.09
124,1997,0.08
124,1998,0.08
124,1999,0.1
124,2000,0.07
124,2001,0.08
124,2002,0.08
124,2003,0.08
124,2004,0.08
124,2005,0.08
124,2006,0.08
124,2007,0.08
124,2008,0.08
124,2009,0.09
124,2010,0.07
124,2011,0.07
124,2012,0.07
124,2013,0.07
124,2014,0.07
124,2015,0.09
124,2016,0.09
132,1990,19.27
132,1991,19.5
132,1992,21.28
132,1993,15.6
132,1994,21.02
132,1995,21.73
132,1996,19.99
132,1997,15.58
132,1998,14.13
132,1999,13.46
132,2000,16.65
132,2001,14.38
132,2002,13.69
132,2003,13.32
132,2004,12.27
132,2005,14.06
132,2006,12.33
132,2007,9.17
132,2008,8.66
132,2009,7.92
132,2010,7.87
132,2011,9.48
132,2012,10.1
132,2013,9.5
132,2014,10.6
132,2015,12.76
132,2016,13.11
135,2001,1.79
135,2002,2.21
135,2003,2.06
135,2004,2.84
135,2005,3.27
135,2006,3.4
135,2007,4.03
135,2008,4.3
135,2009,3.64
135,2010,3.63
135,2011,3.82
135,2012,4.15
135,2013,4.17
135,2014,3.93
135,2015,3.02
135,2016,3.21
140,1990,0.01
140,1991,0.01
140,1992,0.01
140,1993,0.01
142,1991,0.35
142,1992,0.35
142,1993,0.36
142,1994,0.39
142,1995,0.38
142,1996,0.42
142,1997,0.56
142,1998,0.53
142,1999,0.51
142,2000,0.53
142,2001,0.59
142,2002,0.71
142,2003,0.77
142,2004,0.74
142,2005,0.75
142,2006,0.82
142,2007,0.88
142,2008,0.96
142,2009,0.93
142,2010,0.89
142,2011,0.88
142,2012,0.91
142,2013,0.95
142,2014,1
142,2015,1.06
142,2016,0.95
143,2003,0.75
143,2004,1.03
143,2005,1.36
143,2006,2.18
143,2007,2.89
143,2008,3.61
143,2009,2.81
143,2010,2.91
143,2011,3.18
143,2012,3.61
143,2013,3.7
143,2014,3.4
143,2015,2.39
143,2016,2.61
144,1990,4.99
144,1991,4.91
144,1992,5.65
144,1993,6.12
144,1994,6.1
144,1995,6.15
144,1996,6.07
144,1997,6.19
144,1998,6.42
144,1999,6.8
144,2000,7.07
144,2001,7.43
144,2002,7.84
144,2003,7.54
144,2004,7.62
144,2005,8.09
144,2006,7.66
144,2007,7.75
144,2008,7.18
144,2009,7.93
144,2010,7.27
144,2011,7.89
144,2012,8.77
144,2013,8.64
144,2014,8.87
144,2015,8.68
144,2016,8.92
145,2005,1.23
145,2006,1.2
145,2007,1.19
145,2008,1.16
145,2009,1.24
145,2010,1.02
145,2011,0.88
145,2012,0.93
145,2013,0.96
145,2014,0.98
145,2015,1.03
145,2016,0.99
148,1992,0.01
148,1993,0.02
148,1994,0.06
150,1990,0.41
150,1991,0.4
150,1992,0.39
150,1993,0.41
150,1994,0.41
150,1995,0.34
150,1996,0.33
150,1997,0.39
150,1998,0.41
150,1999,0.39
150,2000,0.41
150,2001,0.43
150,2002,0.44
150,2003,0.45
150,2004,0.47
150,2005,0.49
150,2006,0.51
150,2007,0.55
150,2008,0.57
150,2009,0.6
150,2010,0.6
150,2011,0.6
150,2012,0.61
150,2013,0.66
150,2014,0.66
150,2015,0.69
150,2016,0.7
151,1994,0.87
151,1995,0.18
151,1996,0.18
151,1997,0.2
151,1998,0.31
151,1999,0.35
151,2000,0.51
151,2001,0.68
151,2002,0.72
151,2003,0.83
151,2004,1.15
151,2005,1.25
151,2006,1.25
151,2007,1.23
151,2008,1.09
151,2009,1.13
151,2010,1
151,2011,0.92
151,2012,0.92
151,2013,1.08
151,2014,1.15
151,2015,1.37
151,2016,1.45
152,1990,0
152,2000,0.02
152,2001,0.02
152,2002,0.02
152,2003,0.02
152,2004,0.01
152,2005,0.01
152,2006,0
152,2007,0
152,2008,0
152,2009,0
152,2011,0.06
152,2012,0.06
152,2013,0.05
152,2014,0.04
152,2015,0.04
152,2016,0.04
154,1990,0.17
154,1991,0.17
154,1992,0.18
154,1993,0.18
154,1994,0.18
154,1995,0.13
154,1996,0.14
154,1997,0.16
154,1998,0.13
154,1999,0.31
154,2000,0.3
154,2001,0.31
154,2002,0.29
154,2003,0.3
154,2004,0.3
154,2005,0.3
154,2006,0.3
154,2007,0.31
154,2008,0.36
154,2009,0.38
154,2010,0.37
154,2011,0.37
154,2012,0.36
154,2013,0.37
154,2014,0.35
154,2015,0.32
154,2016,0.31
155,1990,0.37
155,1991,0.39
155,1992,0.38
155,1993,0.38
155,1994,0.34
155,1995,0.32
155,1996,0.32
155,1997,0.44
155,1998,0.44
155,1999,0.44
155,2000,0.45
155,2001,0.47
155,2002,0.5
155,2003,0.51
155,2004,0.49
155,2005,0.5
155,2006,0.52
155,2007,0.53
155,2008,0.55
155,2009,0.61
155,2010,0.62
155,2011,0.64
155,2012,0.65
155,2013,0.67
155,2014,0.67
155,2015,0.71
155,2016,0.72
156,1990,0.05
156,1991,0.1
156,1992,0.15
156,1993,0.14
156,1994,0.15
156,1995,0.05
156,1996,0.19
156,1997,0.48
156,1998,0.03
156,1999,0.05
156,2000,0.06
156,2001,0.09
156,2002,0.16
156,2003,0.28
156,2004,0.34
156,2005,0.15
156,2006,0.16
156,2007,0.19
156,2008,0.2
156,2009,0.18
156,2010,0.22
156,2011,0.22
156,2012,0.2
156,2013,0.19
156,2014,0.29
156,2015,0.4
156,2016,0.31
170,1990,1.23
170,1991,2.14
170,1992,1.3
170,1993,0.84
170,1994,1.19
170,1995,0.88
170,1996,0.78
170,1997,0.73
170,1998,0.82
170,1999,1.52
170,2000,1.61
170,2001,2.09
170,2002,2.53
170,2003,3.25
170,2004,2.72
170,2005,2.28
170,2006,2.4
170,2007,2.15
170,2008,1.98
170,2009,1.76
170,2010,1.4
170,2011,1.22
170,2012,1.09
170,2013,1.17
170,2014,1.1
170,2015,1.61
170,2016,1.74
174,1990,3.97
174,1991,4.09
174,1992,6.01
174,1993,6.08
174,1994,8.2
174,1995,5.27
174,2003,10.07
174,2004,13.21
174,2005,14.21
174,2006,15.55
174,2007,15.99
174,2008,19.29
174,2009,19.08
174,2010,16.43
174,2011,18.43
174,2012,19.31
174,2013,18.74
174,2014,19.45
174,2015,22.77
174,2016,21.17
178,1990,0.16
178,1991,0.16
178,1992,0.15
178,1993,0.22
178,1994,0.24
178,1995,0.2
178,1996,0.31
178,1997,0.2
178,1998,0.1
178,1999,0.5
178,2000,0.32
178,2001,0.43
178,2002,0.04
178,2003,0.35
178,2004,0.32
178,2005,0.19
178,2006,0.17
178,2007,0.18
180,2005,0.07
180,2006,0.09
180,2007,0.05
180,2008,0.08
180,2010,0.08
180,2011,0.48
180,2012,0.04
180,2013,0.11
180,2014,0.07
180,2015,0.39
180,2016,0.05
188,1990,0.16
188,1991,0.19
188,1992,0.17
188,1993,0.17
188,1994,0.16
188,1995,1.07
188,1996,1.13
188,1997,1.04
188,1998,0.94
188,1999,0.89
188,2000,0.91
188,2001,1.25
188,2002,1.52
188,2003,1.87
188,2004,1.72
188,2005,2.11
188,2006,2.27
188,2007,2.31
188,2008,1.98
188,2009,1.68
188,2010,1.42
188,2011,1.23
188,2012,1.21
188,2013,1.2
188,2014,1.17
188,2015,1.01
188,2016,0.95
191,1995,2.43
191,1996,2.74
191,1997,2.49
191,1998,2.36
191,1999,2.26
191,2000,3.75
191,2001,3.98
191,2002,4.07
191,2003,3.81
191,2004,3.74
191,2005,3.44
191,2006,3.19
191,2007,3.09
191,2008,2.93
191,2009,3.01
191,2010,3.18
191,2011,3.36
191,2012,3.69
191,2013,3.76
191,2014,3.76
191,2015,4.3
191,2016,4.32
196,1990,1.41
196,1991,1.14
196,1992,1.17
196,1993,1.2
196,1994,1.09
196,1995,0.49
196,1996,0.5
196,1997,0.5
196,1998,0.47
196,1999,0.47
196,2000,0.44
196,2001,0.74
196,2002,0.18
196,2003,0.22
196,2004,0.44
196,2005,0.56
196,2006,0.51
196,2007,0.59
196,2008,3.5
196,2009,2.29
196,2010,3.37
196,2011,2.7
196,2012,2.22
196,2013,1.56
196,2014,1.14
196,2015,1.29
196,2016,1.63
199,1990,3.7
199,1992,3.68
199,1993,3.43
199,1994,3.53
199,1995,3.44
199,1996,2.98
199,1997,3.23
199,1998,3.62
199,1999,3.77
199,2000,3.93
199,2001,4.21
199,2002,5.12
199,2003,5.03
199,2004,4.97
199,2005,4.61
199,2006,4.59
199,2007,4.64
199,2008,4.11
199,2009,4.32
199,2010,4.09
199,2011,3.96
199,2012,4.38
199,2013,4.32
199,2014,4.11
199,2015,4.25
199,2016,3.99
202,1990,0.68
202,1991,0.67
202,1992,0.71
202,1993,0.97
202,1994,0.88
202,1995,0.91
202,1996,0.89
202,1997,1.34
202,1998,1.32
202,1999,1.29
202,2000,1.37
202,2001,1.16
202,2002,1.19
202,2003,1.06
202,2004,1.27
202,2005,3.26
202,2006,3.34
202,2007,3.23
202,2008,2.89
202,2009,3.05
202,2010,2.43
202,2011,2.54
202,2012,2.47
202,2013,2.34
202,2014,2.33
202,2015,2.79
202,2016,2.69
203,1993,0.34
203,1994,0.34
203,1995,0.32
203,1996,0.16
203,1997,0.12
203,1998,0.52
203,1999,0.48
203,2000,0.48
203,2001,0.38
203,2002,0.41
203,2003,0.5
203,2004,1.03
203,2005,0.98
203,2006,1.03
203,2007,0.97
203,2008,0.48
203,2009,0.58
203,2010,0.59
203,2011,0.61
203,2012,0.68
203,2013,0.83
203,2014,1.26
203,2015,1.43
203,2016,1.6
204,1990,5.16
204,1991,5.94
204,1992,8.04
204,1993,4.79
204,1994,5.6
204,1995,4.56
204,1996,3.6
204,1997,3.09
204,1998,3.63
204,1999,2.79
204,2000,3.33
204,2001,3.1
204,2002,2.48
204,2003,1.42
204,2004,1.39
204,2005,3.06
204,2006,3.8
204,2007,4.03
204,2008,2.9
204,2009,1.77
204,2010,2
204,2011,2.2
204,2012,2.55
204,2013,2.72
204,2014,3.13
204,2015,2.58
204,2016,2.41
208,1992,0.3
208,1993,0.31
208,1994,0.28
208,1995,0.28
208,1996,0.37
208,1997,0.49
208,1998,0.43
208,1999,0.45
208,2000,0.41
208,2001,0.42
208,2002,0.44
208,2003,0.43
208,2004,0.43
208,2005,0.25
208,2006,0.26
208,2007,0.26
208,2008,0.3
208,2009,0.32
208,2010,0.29
208,2011,0.33
208,2012,0.36
208,2013,0.4
208,2014,0.42
208,2015,0.42
208,2016,0.41
212,1990,8.37
212,1991,2.75
212,1992,2.7
212,1993,6.85
212,1994,6.17
212,1995,4.84
212,1996,4.7
212,1997,4.65
212,1998,4.67
212,1999,4.85
212,2000,4.03
212,2001,4.18
212,2002,4.28
212,2003,4.23
212,2004,5.34
212,2005,5.88
212,2006,5.65
212,2007,5.34
212,2008,4.95
212,2009,4.53
212,2010,4.64
212,2011,4.56
212,2012,4.78
212,2013,4.69
212,2014,9.64
212,2015,10.45
212,2016,9.77
214,1990,4.45
214,1991,3.39
214,1992,3.07
214,1993,5.84
214,1994,5.5
214,1995,5.13
214,1996,5.31
214,1997,5.83
214,1998,6.64
214,1999,7.51
214,2000,7.66
214,2001,7.96
214,2002,8.26
214,2003,10.93
214,2004,11.35
214,2005,8
214,2006,8.49
214,2007,7.69
214,2008,7.47
214,2009,7.06
214,2010,7.2
214,2011,7.34
214,2012,7.03
214,2013,7.24
214,2014,7.37
214,2015,7.63
214,2016,7.7
218,1990,0.33
218,1991,0.33
218,1992,0.41
218,1993,1.07
218,1994,1.22
218,1995,1.58
218,1996,1.94
218,1997,2.3
218,1998,2.85
218,1999,5.55
218,2000,7.21
218,2001,5.81
218,2002,5.04
218,2003,5.04
218,2004,5.02
218,2005,5.93
218,2006,6.27
218,2007,6.55
218,2008,5
218,2009,4.39
218,2010,3.74
218,2011,3.38
218,2012,2.82
218,2013,2.58
218,2014,2.43
218,2015,2.4
218,2016,2.65
222,1990,7.63
222,1991,8.95
222,1992,11.66
222,1993,11.47
222,1994,12.02
222,1995,11.2
222,1996,10.51
222,1997,10.77
222,1998,11.14
222,1999,11.12
222,2000,13.43
222,2001,13.93
222,2002,13.65
222,2003,14.1
222,2004,16.22
222,2005,17.72
222,2006,18.77
222,2007,18.45
222,2008,17.52
222,2009,16.47
222,2010,16.21
222,2011,15.75
222,2012,16.36
222,2013,16.24
222,2014,16.58
222,2015,16.46
222,2016,17.14
226,1992,0.98
226,1993,0.67
226,1994,0.5
226,1995,0.07
226,1996,0.07
231,1990,0.04
231,1991,0.07
231,1992,0.14
231,1993,0.21
231,1994,0.36
231,1995,0.36
231,1996,0.19
231,1997,0.11
231,1998,0.35
231,1999,0.44
231,2000,0.64
231,2001,0.22
231,2002,0.42
231,2003,0.54
231,2004,1.32
231,2005,1.4
231,2006,1.13
231,2007,1.82
231,2008,1.43
231,2009,0.81
231,2010,1.15
231,2011,1.61
231,2012,2.16
231,2013,1.75
231,2014,3.23
231,2015,1.69
231,2016,1.07
232,1998,0.36
232,1999,0.53
232,2000,0.47
233,1995,0.03
233,1996,0.04
233,1997,0.03
233,1998,0.05
233,1999,0.04
233,2000,0.07
233,2001,0.18
233,2002,0.26
233,2003,0.52
233,2004,1.38
233,2005,1.89
233,2006,2.37
233,2007,1.85
233,2008,1.5
233,2009,1.73
233,2010,1.83
233,2011,1.89
233,2012,2
233,2013,2.26
233,2014,2.08
233,2015,2.02
233,2016,2.05
234,1998,4.38
234,1999,4.45
234,2000,4.04
234,2001,3.38
234,2002,3.13
234,2003,2.98
234,2004,2.92
234,2005,4.64
234,2006,4.52
234,2007,4.79
234,2008,5.66
234,2009,6.15
234,2010,6.36
234,2011,6.42
234,2012,6.72
234,2013,6.06
234,2014,5.64
234,2015,6.4
242,1990,1.64
242,1991,1.39
242,1992,1.48
242,1993,1.6
242,1994,1.62
242,1995,1.66
242,1996,1.57
242,1997,1.65
242,1998,1.56
242,1999,1.19
242,2000,2.57
242,2001,4.67
242,2002,5.39
242,2003,5.34
242,2004,6.33
242,2005,6.76
242,2006,6.59
242,2007,5.38
242,2008,4.16
242,2009,5.97
242,2010,5.59
242,2011,4.25
242,2012,4.8
242,2013,4.86
242,2014,4.94
242,2015,5.72
242,2016,1.71
246,1990,0.04
246,1991,0.08
246,1992,0.09
246,1993,0.09
246,1994,0.06
246,1995,0.06
246,1996,0.11
246,1997,0.19
246,1998,0.28
246,1999,0.33
246,2000,0.38
246,2001,0.38
246,2002,0.34
246,2003,0.31
246,2004,0.34
246,2005,0.34
246,2006,0.33
246,2007,0.32
246,2008,0.34
246,2009,0.34
246,2010,0.36
246,2011,0.28
246,2012,0.34
246,2013,0.36
246,2014,0.33
246,2015,0.35
246,2016,0.34
250,1990,0.32
250,1991,0.36
250,1992,0.37
250,1993,0.38
250,1994,0.28
250,1995,0.28
250,1996,0.27
250,1997,0.67
250,1998,0.66
250,1999,0.63
250,2000,0.65
250,2001,0.66
250,2002,0.71
250,2003,0.66
250,2004,0.63
250,2005,0.64
250,2006,0.67
250,2007,0.66
250,2008,0.69
250,2009,0.73
250,2010,0.75
250,2011,0.8
250,2012,0.85
250,2013,0.87
250,2014,0.89
250,2015,0.98
250,2016,0.99
262,1991,2.84
262,1992,2.74
262,1993,4.08
262,1994,2.76
262,1995,2.39
262,1996,2.22
262,1997,2.28
262,1998,2.32
262,1999,2.16
262,2000,2.23
262,2001,2.09
262,2002,2.53
262,2003,3.97
262,2004,3.71
262,2005,3.65
262,2006,3.7
262,2007,3.38
262,2008,3.04
262,2009,3.09
262,2010,2.89
262,2011,2.61
262,2012,2.46
262,2013,2.45
262,2014,2.24
262,2015,3.67
266,1990,0.01
266,1991,0.03
266,1992,0.04
266,1993,0.07
266,1994,0.09
266,1995,0.09
266,1996,0.1
266,1997,0.12
266,1998,0.12
266,1999,0.09
266,2000,0.12
266,2001,0.11
266,2002,0.05
266,2003,0.09
266,2004,0.09
266,2005,0.12
268,1997,8.09
268,1998,10.32
268,1999,12.89
268,2000,6.74
268,2001,6.79
268,2002,6.67
268,2003,6.22
268,2004,7
268,2005,6.96
268,2006,8.1
268,2007,8.68
268,2008,8.32
268,2009,10.32
268,2010,10.17
268,2011,10.72
268,2012,11.17
268,2013,12.05
268,2014,12.03
268,2015,10.42
268,2016,10.58
270,2003,11.1
270,2004,10.5
270,2005,9.5
270,2006,9.74
270,2007,6.97
270,2008,6.71
270,2009,8.86
270,2010,12.16
270,2011,10.17
270,2012,11.69
270,2013,12.22
270,2014,16.53
270,2015,14.98
270,2016,21.5
275,1995,17.73
275,1996,15.91
275,1997,16.58
275,1998,26.02
275,1999,25.67
275,2000,20.03
275,2001,20.12
275,2002,21.7
275,2003,7.81
275,2004,9.21
275,2005,7.83
275,2006,9.45
275,2007,10.87
275,2008,11.1
275,2009,10.39
275,2010,10.4
275,2011,10.91
275,2012,15.4
275,2013,12.01
275,2014,14.19
275,2015,14.41
275,2016,14.61
276,1990,0.28
276,1991,0.26
276,1992,0.23
276,1993,0.21
276,1994,0.2
276,1995,0.17
276,1996,0.17
276,1997,0.17
276,1998,0.17
276,1999,0.17
276,2000,0.18
276,2001,0.2
276,2002,0.22
276,2003,0.23
276,2004,0.23
276,2005,0.24
276,2006,0.25
276,2007,0.28
276,2008,0.29
276,2009,0.36
276,2010,0.37
276,2011,0.41
276,2012,0.41
276,2013,0.44
276,2014,0.45
276,2015,0.48
276,2016,0.48
288,1990,0.1
288,1991,0.09
288,1992,0.11
288,1993,0.17
288,1994,0.29
288,1995,0.27
288,1996,0.4
288,1997,0.38
288,1998,0.39
288,1999,0.4
288,2000,0.65
288,2001,0.86
288,2002,0.71
288,2003,0.85
288,2004,0.93
288,2005,0.92
288,2006,0.52
288,2007,0.47
288,2008,0.44
288,2009,0.44
288,2010,0.42
288,2011,5.4
288,2012,5.14
288,2013,3.9
288,2014,5.2
288,2015,13.27
288,2016,6.98
296,1990,12.92
296,1991,12.75
296,1992,12.62
296,1993,13
296,1994,12.58
296,2006,11.97
296,2007,10.66
296,2008,10.33
296,2009,10.77
296,2010,10.21
296,2011,9.61
296,2012,9.38
296,2013,9.19
296,2014,9.38
296,2015,9.52
296,2016,9.63
300,1990,1.86
300,1991,2.07
300,1992,2.18
300,1993,2.44
300,1994,2.48
300,1995,2.4
300,1996,2.11
300,1997,2.14
300,1998,1.85
300,1999,1.6
300,2000,1.69
300,2001,1.48
300,2002,1.08
300,2003,0.77
300,2004,0.52
300,2005,0.49
300,2006,0.56
300,2007,0.78
300,2008,0.76
300,2009,0.61
300,2010,0.5
300,2011,0.41
300,2012,0.28
300,2013,0.34
300,2014,0.31
300,2015,0.22
300,2016,0.17
308,1990,6.46
308,1991,2.75
308,1992,2.77
308,1993,5.93
308,1994,8.05
308,1995,5.8
308,1996,5.71
308,1997,5.49
308,1998,4.95
308,1999,4.8
308,2000,4.66
308,2001,4.67
308,2002,4.58
308,2003,4.28
308,2004,8.03
308,2005,3.86
308,2006,4.07
308,2007,3.77
308,2008,3.49
308,2009,3.59
308,2010,3.69
308,2011,3.72
308,2012,3.66
308,2013,3.52
308,2014,4.48
308,2015,4.34
308,2016,0.11
320,1990,1.55
320,1991,1.9
320,1992,2.21
320,1993,2.11
320,1994,2.19
320,1995,2.44
320,1996,2.39
320,1997,2.29
320,1998,2.35
320,1999,2.54
320,2000,3.09
320,2001,3.39
320,2002,7.7
320,2003,9.8
320,2004,10.96
320,2005,11.27
320,2006,12.24
320,2007,12.42
320,2008,11.4
320,2009,10.65
320,2010,10.24
320,2011,9.49
320,2012,9.98
320,2013,9.99
320,2014,9.94
320,2015,10.31
320,2016,10.87
324,1990,0.67
324,1991,0.45
324,1992,0.28
324,1993,0.15
324,1994,0.01
324,1995,0.02
324,1996,0.03
324,1997,0.04
324,1998,0.14
324,1999,0.17
324,2000,0.04
324,2001,0.31
324,2002,0.51
324,2003,3.22
324,2004,1.14
324,2005,1.42
324,2006,0.7
324,2007,0.24
324,2008,0.88
324,2009,0.77
324,2010,0.67
324,2011,0.95
324,2012,0.9
324,2013,1.11
324,2014,1.38
324,2015,1.49
324,2016,0.64
328,1992,0.28
328,1993,0.27
328,1994,0.25
328,1995,0.27
328,1996,2.07
328,1997,2
328,1998,1.95
328,1999,2.95
328,2000,3.83
328,2001,3.2
328,2002,7.06
328,2003,13.38
328,2004,19.47
328,2005,24.4
328,2006,14.95
328,2007,16
328,2008,14.25
328,2009,12.71
328,2010,16.18
328,2011,16
328,2012,16.4
328,2013,10.98
328,2014,10.71
328,2015,9.18
328,2016,8.38
332,1998,8.79
332,1999,10.16
332,2000,14.62
332,2001,17.34
332,2002,19.46
332,2003,27.4
332,2004,26.33
332,2005,22.88
332,2006,22.35
332,2007,20.77
332,2008,20.92
332,2009,20.89
332,2010,22.25
332,2011,20.64
332,2012,20.43
332,2013,21.07
332,2014,22.53
332,2015,25.17
332,2016,29.4
340,1990,2.06
340,1991,2.69
340,1992,3.28
340,1993,1.83
340,1994,2.59
340,1995,3.17
340,1996,3.9
340,1997,4.07
340,1998,4.33
340,1999,6.11
340,2000,6.68
340,2001,8.07
340,2002,10.31
340,2003,10.63
340,2004,13.33
340,2005,18.66
340,2006,21.56
340,2007,21.29
340,2008,20.46
340,2009,16.98
340,2010,16.53
340,2011,15.87
340,2012,15.76
340,2013,16.75
340,2014,17.06
340,2015,17.59
340,2016,17.96
344,1998,0.09
344,1999,0.08
344,2000,0.08
344,2001,0.09
344,2002,0.07
344,2003,0.07
344,2004,0.14
344,2005,0.16
344,2006,0.15
344,2007,0.15
344,2008,0.16
344,2009,0.16
344,2010,0.15
344,2011,0.14
344,2012,0.14
344,2013,0.13
344,2014,0.13
344,2015,0.12
344,2016,0.12
348,1995,0.3
348,1996,0.33
348,1997,0.41
348,1998,0.39
348,1999,0.37
348,2000,0.47
348,2001,0.45
348,2002,0.34
348,2003,0.29
348,2004,1.61
348,2005,1.69
348,2006,1.8
348,2007,1.65
348,2008,1.6
348,2009,1.34
348,2010,1.58
348,2011,1.98
348,2012,2.76
348,2013,3.4
348,2014,3.4
348,2015,3.63
348,2016,3.7
352,1990,0.95
352,1991,0.94
352,1992,0.89
352,1993,0.92
352,1994,0.74
352,1995,0.5
352,1996,0.44
352,1997,0.54
352,1998,0.34
352,1999,0.35
352,2000,0.4
352,2001,0.48
352,2002,0.7
352,2003,0.43
352,2004,0.44
352,2005,0.39
352,2006,0.47
352,2007,0.52
352,2008,0.68
352,2009,0.73
352,2010,1.02
352,2011,1.03
352,2012,1.08
352,2013,1.31
352,2014,1.24
352,2015,1.24
352,2016,1
356,1990,0.75
356,1991,1.23
356,1992,1.02
356,1993,1.28
356,1994,1.81
356,1995,1.75
356,1996,2.26
356,1997,2.52
356,1998,2.28
356,1999,2.46
356,2000,2.79
356,2001,2.98
356,2002,3.1
356,2003,3.5
356,2004,2.68
356,2005,2.74
356,2006,3.08
356,2007,3.1
356,2008,4.21
356,2009,3.72
356,2010,3.23
356,2011,3.43
356,2012,3.77
356,2013,3.77
356,2014,3.46
356,2015,3.3
356,2016,2.77
360,1990,0.15
360,1991,0.1
360,1992,0.17
360,1993,0.21
360,1994,0.24
360,1995,0.3
360,1996,0.33
360,1997,0.32
360,1998,0.94
360,1999,0.74
360,2000,0.68
360,2001,0.61
360,2002,0.6
360,2003,0.6
360,2004,0.68
360,2005,1.78
360,2006,1.47
360,2007,1.34
360,2008,1.25
360,2009,1.18
360,2010,0.92
360,2011,0.78
360,2012,0.79
360,2013,0.83
360,2014,0.96
360,2015,1.12
360,2016,0.95
364,1993,2.35
364,1994,1.67
364,1995,1.66
364,1996,0.55
364,1997,0.35
364,1998,0.62
364,1999,0.45
364,2000,0.49
364,2001,0.54
364,2002,0.66
364,2003,0.77
364,2004,0.54
364,2005,0.46
364,2006,0.39
364,2007,0.32
364,2008,0.27
364,2009,0.26
364,2010,0.24
364,2011,0.23
364,2012,0.22
364,2013,0.28
364,2014,0.31
364,2015,0.34
364,2016,0.32
368,2005,1.42
368,2006,0.6
368,2007,0
368,2008,0.05
368,2009,0.14
368,2010,0.13
368,2011,0.12
368,2012,0.12
368,2013,0.31
368,2014,0.31
368,2015,0.56
368,2016,0.58
372,1990,0.58
372,1991,0.56
372,1992,0.58
372,1993,0.57
372,1994,0.57
372,1995,0.5
372,1996,0.48
372,1997,0.38
372,1998,0.3
372,1999,0.3
372,2000,0.25
372,2001,0.22
372,2002,0.25
372,2003,0.21
372,2004,0.21
372,2005,0.24
372,2006,0.23
372,2007,0.22
372,2008,0.23
372,2009,0.24
372,2010,0.3
372,2011,0.32
372,2012,0.31
372,2013,0.3
372,2014,0.28
372,2015,0.21
372,2016,0.19
376,1990,1.38
376,1991,1.3
376,1992,1.54
376,1993,1.66
376,1994,1.86
376,1995,0.18
376,1996,0.14
376,1997,0.17
376,1998,0.12
376,1999,0.15
376,2000,0.14
376,2001,0.15
376,2002,0.14
376,2003,0.13
376,2004,0.22
376,2005,0.26
376,2006,0.32
376,2007,0.32
376,2008,0.29
376,2009,0.24
376,2010,0.24
376,2011,0.23
376,2012,0.27
376,2013,0.26
376,2014,0.28
376,2015,0.29
376,2016,0.3
380,1990,0.43
380,1991,0.3
380,1992,0.23
380,1993,0.25
380,1994,0.22
380,1995,0.19
380,1996,0.19
380,1997,0.18
380,1998,0.16
380,1999,0.15
380,2000,0.16
380,2001,0.17
380,2002,0.18
380,2003,0.19
380,2004,0.2
380,2005,0.22
380,2006,0.21
380,2007,0.21
380,2008,0.31
380,2009,0.32
380,2010,0.38
380,2011,0.38
380,2012,0.44
380,2013,0.44
380,2014,0.47
380,2015,0.52
380,2016,0.51
384,1990,0.41
384,1991,0.4
384,1992,0.44
384,1993,0.52
384,1994,1.33
384,1995,1.37
384,1996,1.21
384,1997,1.16
384,1998,1.13
384,1999,1.11
384,2000,1.11
384,2001,1.04
384,2002,0.97
384,2003,0.93
384,2004,0.96
384,2005,0.96
384,2006,0.94
384,2007,0.91
384,2008,0.82
384,2009,1.3
384,2010,1.5
384,2011,1.56
384,2012,1.36
384,2013,1.23
384,2014,1.09
384,2015,1.01
384,2016,0.94
388,1990,4.98
388,1991,4.45
388,1992,6.11
388,1993,4.92
388,1994,10.64
388,1995,11.06
388,1996,10.61
388,1997,9.6
388,1998,8.51
388,1999,8.81
388,2000,9.83
388,2001,11.52
388,2002,12.81
388,2003,14.68
388,2004,15.77
388,2005,15.72
388,2006,16.16
388,2007,16.55
388,2008,15.77
388,2009,15.7
388,2010,15.36
388,2011,14.58
388,2012,14.65
388,2013,15.21
388,2014,16.32
388,2015,16.64
388,2016,17.31
392,1991,0.01
392,1992,0.01
392,1993,0.02
392,1994,0.02
392,1995,0.02
392,1996,0.01
392,1997,0.01
392,1998,0.01
392,1999,0.01
392,2000,0.02
392,2001,0.03
392,2002,0.03
392,2003,0.02
392,2004,0.02
392,2005,0.02
392,2006,0.03
392,2007,0.03
392,2008,0.03
392,2009,0.03
392,2010,0.03
392,2011,0.03
392,2012,0.04
392,2013,0.05
392,2014,0.08
392,2015,0.08
392,2016,0.08
398,1995,0.57
398,1996,0.01
398,1997,0.01
398,1998,0.03
398,1999,0.02
398,2000,0.37
398,2001,0.38
398,2002,0.45
398,2003,0.14
398,2004,0.13
398,2005,0.11
398,2006,0.1
398,2007,0.14
398,2008,0.09
398,2009,0.17
398,2010,0.15
398,2011,0.09
398,2012,0.09
398,2013,0.09
398,2014,0.1
398,2015,0.11
398,2016,0.2
400,1990,12
400,1991,10.31
400,1992,15.88
400,1993,18.55
400,1994,17.54
400,1995,18.49
400,1996,22.29
400,1997,22.84
400,1998,19.5
400,1999,20.42
400,2000,21.81
400,2001,22.41
400,2002,22.28
400,2003,21.59
400,2004,20.05
400,2005,19.23
400,2006,18.56
400,2007,19.44
400,2008,15.98
400,2009,14.55
400,2010,13.71
400,2011,12.77
400,2012,12.44
400,2013,15.9
400,2014,17.78
400,2015,14.26
400,2016,11.32
404,1990,1.62
404,1991,1.52
404,1992,1.4
404,1993,2.05
404,1994,1.92
404,1995,0.97
404,1996,0.73
404,1997,3.86
404,1998,3.77
404,1999,4.54
404,2000,4.23
404,2001,0.39
404,2002,0.43
404,2003,0.44
404,2004,2.33
404,2005,2.27
404,2006,2.21
404,2007,2.02
404,2008,1.86
404,2009,1.71
404,2010,1.71
404,2011,2.23
404,2012,2.4
404,2013,2.37
404,2014,2.34
404,2015,2.46
404,2016,2.47
410,1990,0.86
410,1991,0.82
410,1992,0.84
410,1993,0.75
410,1994,0.68
410,1995,0.59
410,1996,0.56
410,1997,0.7
410,1998,1.32
410,1999,0.89
410,2000,0.8
410,2001,0.84
410,2002,0.84
410,2003,0.86
410,2004,0.77
410,2005,0.58
410,2006,0.48
410,2007,0.46
410,2008,0.69
410,2009,0.66
410,2010,0.53
410,2011,0.55
410,2012,0.54
410,2013,0.49
410,2014,0.46
410,2015,0.47
410,2016,0.45
414,2010,0
414,2011,0
414,2012,0
414,2013,0
414,2014,0
414,2015,0.03
414,2016,0
417,1993,0.09
417,1994,0.06
417,1995,0.07
417,1996,0.13
417,1997,0.15
417,1998,0.13
417,1999,0.09
417,2000,0.16
417,2001,0.3
417,2002,1.89
417,2003,3.66
417,2004,8.1
417,2005,12.73
417,2006,16.69
417,2007,18.51
417,2008,23.8
417,2009,20.94
417,2010,26.41
417,2011,27.57
417,2012,30.75
417,2013,31.06
417,2014,30.03
417,2015,25.27
417,2016,30.45
418,1990,1.26
418,1991,1.01
418,1992,0.96
418,1993,0.91
418,1994,0.65
418,1995,0.02
418,1996,0.03
418,1997,0.03
418,1998,0.05
418,1999,0.04
418,2000,0.04
418,2001,0.04
418,2002,0.04
418,2003,0.04
418,2004,0.03
418,2005,0.03
418,2006,0.12
418,2007,0.15
418,2008,0.33
418,2009,0.64
418,2010,0.59
418,2011,1.26
418,2012,0.57
418,2013,0.5
418,2014,0.3
418,2015,0.65
418,2016,0.74
419,1990,0.53
419,1991,0.51
419,1992,0.68
419,1993,0.61
419,1994,0.68
419,1995,0.74
419,1996,0.69
419,1997,0.67
419,1998,0.75
419,1999,0.94
419,2000,0.93
419,2001,1.15
419,2002,1.49
419,2003,1.9
419,2004,1.92
419,2005,1.82
419,2006,1.82
419,2007,1.65
419,2008,1.44
419,2009,1.35
419,2010,1.15
419,2011,1.03
419,2012,1.03
419,2013,1.02
419,2014,1.05
419,2015,1.42
419,2016,1.57
422,2002,13.29
422,2003,23.62
422,2004,26.68
422,2005,23.13
422,2006,23.87
422,2007,23.47
422,2008,24.57
422,2009,21.3
422,2010,18
422,2011,17.16
422,2012,15.21
422,2013,16.44
422,2014,15.03
422,2015,15.13
422,2016,15.35
426,1990,71.74
426,1991,62.06
426,1992,54.8
426,1993,47.96
426,1994,36.4
426,1995,40.98
426,1996,40.97
426,1997,37.95
426,1998,31.73
426,1999,30.23
426,2000,53.83
426,2001,48.6
426,2002,50.1
426,2003,48.1
426,2004,41.5
426,2005,35.63
426,2006,34.1
426,2007,35.05
426,2008,30.78
426,2009,29.36
426,2010,25.57
426,2011,23.29
426,2012,20.7
426,2013,18.33
426,2014,15.03
426,2015,14.8
426,2016,15
428,1996,0.68
428,1997,0.7
428,1998,0.69
428,1999,0.65
428,2000,3.18
428,2001,3.28
428,2002,1.18
428,2003,1.34
428,2004,1.52
428,2005,2.24
428,2006,2.24
428,2007,1.78
428,2008,5.39
428,2009,6.06
428,2010,5.29
428,2011,5.33
428,2012,5.33
428,2013,5.29
428,2014,4.91
428,2015,4.91
428,2016,4.45
430,2004,12.31
430,2005,5.79
430,2006,13.05
430,2007,8.39
430,2008,6.84
430,2009,2.17
430,2010,2.43
430,2011,23.29
430,2012,29.72
430,2013,19.7
430,2014,25.12
430,2015,31.5
430,2016,26.12
432,1996,1.46
432,1997,1.62
432,1998,1.5
432,1999,1.83
432,2000,2.2
432,2001,2.31
432,2002,3.19
432,2003,3.14
432,2004,3.5
432,2005,3.81
432,2006,3.85
432,2007,4.34
432,2008,4.48
432,2009,4.08
432,2010,4.07
432,2011,4.19
432,2012,4.44
432,2013,4.38
432,2014,4.18
432,2015,3.86
432,2016,3.92
434,2000,0.02
434,2001,0.03
434,2002,0.03
434,2003,0.03
434,2004,0.03
434,2005,0.03
434,2006,0.03
440,1995,0.01
440,1996,0.03
440,1997,0.03
440,1998,0.03
440,1999,0.03
440,2000,0.43
440,2001,0.65
440,2002,0.77
440,2003,0.61
440,2004,2.55
440,2005,2.85
440,2006,3.29
440,2007,3.61
440,2008,3.27
440,2009,3.31
440,2010,4.51
440,2011,4.49
440,2012,3.52
440,2013,4.43
440,2014,4.35
440,2015,3.31
440,2016,2.99
442,1995,3.38
442,1996,3.26
442,1997,3.29
442,1998,3.25
442,1999,2.93
442,2000,2.72
442,2001,2.71
442,2002,3.5
442,2003,3.54
442,2004,3.39
442,2005,3.21
442,2006,3.18
442,2007,2.89
442,2008,2.92
442,2009,3.23
442,2010,3.11
442,2011,2.95
442,2012,2.97
442,2013,3.05
442,2014,2.81
442,2015,2.82
442,2016,2.93
446,2002,0.64
446,2003,0.58
446,2004,0.5
446,2005,0.44
446,2006,0.38
446,2007,0.3
446,2008,0.25
446,2009,0.23
446,2010,0.17
446,2011,0.13
446,2012,0.11
446,2013,0.09
446,2014,0.07
446,2015,0.09
446,2016,0.06
450,1990,0.26
450,1991,0.49
450,1992,0.5
450,1993,0.4
450,1994,0.43
450,1995,0.29
450,1996,0.16
450,1997,0.34
450,1998,0.31
450,1999,0.31
450,2000,0.29
450,2001,0.24
450,2002,0.67
450,2003,0.3
450,2004,0.26
450,2005,1.7
450,2006,2.28
450,2007,2.91
450,2008,2.79
450,2009,2.78
450,2010,4.38
450,2011,2.84
450,2012,2.78
450,2013,2.8
450,2014,2.68
450,2015,2.79
450,2016,2.5
454,1994,0.06
454,1995,0.04
454,1996,0.03
454,1997,0.03
454,1998,0.04
454,1999,0.04
454,2000,0.04
454,2001,0.04
454,2002,0.02
454,2003,0.43
454,2004,0.53
454,2005,0.62
454,2006,0.37
454,2007,0.47
454,2008,0.31
454,2009,0.27
454,2010,0.31
454,2011,0.32
454,2012,0.47
454,2013,0.62
454,2014,0.64
454,2015,0.54
454,2016,0.63
458,1990,0.42
458,1991,0.26
458,1992,0.26
458,1993,0.26
458,1994,0.16
458,1995,0.13
458,1996,0.16
458,1997,0.19
458,1998,0.26
458,1999,0.41
458,2000,0.37
458,2001,0.4
458,2002,0.43
458,2003,0.52
458,2004,0.64
458,2005,0.78
458,2006,0.84
458,2007,0.8
458,2008,0.58
458,2009,0.56
458,2010,0.43
458,2011,0.41
458,2012,0.41
458,2013,0.44
458,2014,0.47
458,2015,0.55
458,2016,0.53
462,1990,0.79
462,1991,0.74
462,1992,0.56
462,1993,0.4
462,1994,0.61
462,1995,0.59
462,1996,0.6
462,1997,0.48
462,1998,0.45
462,1999,0.37
462,2000,0.35
462,2001,0.21
462,2002,0.22
462,2003,0.19
462,2004,0.24
462,2005,0.19
462,2006,0.18
462,2007,0.42
462,2008,0.28
462,2009,0.19
462,2010,0.12
462,2011,0.11
462,2012,0.11
462,2013,0.1
462,2014,0.09
462,2015,0.09
462,2016,0.09
466,1990,3.99
466,1991,3.41
466,1992,4.12
466,1993,4.46
466,1994,4.96
466,1995,4.14
466,1996,3.98
466,1997,3.4
466,1998,2.89
466,1999,2.51
466,2000,2.48
466,2001,2.54
466,2002,3.54
466,2003,3.27
466,2004,2.86
466,2005,2.84
466,2006,3.07
466,2007,4.22
466,2008,4.42
466,2009,4.46
466,2010,4.43
466,2011,6.04
466,2012,6.65
466,2013,6.75
466,2014,6.4
466,2015,7.02
466,2016,6.67
470,1990,2.29
470,1991,1.53
470,1992,1.01
470,1993,0.94
470,1994,0.79
470,1995,0.44
470,1996,0.37
470,1997,0.25
470,1998,0.33
470,1999,0.49
470,2000,0.41
470,2001,0.3
470,2002,0.45
470,2003,0.47
470,2004,5.26
470,2005,3.47
470,2006,3.09
470,2007,2.91
470,2008,2.95
470,2009,3.05
470,2010,2.63
470,2011,2.39
470,2012,2.17
470,2013,2.42
470,2014,2.25
470,2015,2.19
470,2016,1.99
478,1990,1.34
478,1991,0.81
478,1992,3.42
478,1993,0.18
478,1994,0.37
478,1995,0.38
478,1996,0.3
478,1997,0.19
478,1998,0.16
480,1994,3.32
480,1995,3.27
480,1996,3.62
480,1997,4.01
480,1998,4.32
480,1999,4.15
480,2000,3.86
480,2001,0.01
480,2002,0.01
480,2003,0.01
480,2004,0.01
480,2005,0.01
480,2006,0.01
480,2007,0.01
480,2008,0.01
480,2009,0.01
480,2010,0.01
480,2011,0
480,2012,0.01
480,2013,0
480,2014,0.01
480,2015,0.01
480,2016,0.01
484,1990,1.18
484,1991,0.96
484,1992,1.02
484,1993,0.79
484,1994,0.78
484,1995,1.27
484,1996,1.25
484,1997,1.15
484,1998,1.3
484,1999,1.15
484,2000,1.1
484,2001,1.4
484,2002,1.49
484,2003,2.33
484,2004,2.58
484,2005,2.63
484,2006,2.75
484,2007,2.58
484,2008,2.36
484,2009,2.47
484,2010,2.1
484,2011,2
484,2012,1.96
484,2013,1.84
484,2014,1.91
484,2015,2.28
484,2016,2.74
485,2005,1.21
485,2006,1.15
485,2007,1.07
485,2008,1
485,2009,1.15
485,2010,0.89
485,2011,0.73
485,2012,0.79
485,2013,0.85
485,2014,0.87
485,2015,0.97
485,2016,0.94
496,1998,0.49
496,1999,0.74
496,2000,0.1
496,2001,2.1
496,2002,4.92
496,2003,4.97
496,2004,10.17
496,2005,7.01
496,2006,4.55
496,2007,4.2
496,2008,3.99
496,2009,4.35
496,2010,3.7
496,2011,2.4
496,2012,2.63
496,2013,2.04
496,2014,2.09
496,2015,2.22
496,2016,2.32
498,1995,0.06
498,1996,5.14
498,1997,5.92
498,1998,7.45
498,1999,9.43
498,2000,13.78
498,2001,16.36
498,2002,19.41
498,2003,24.43
498,2004,26.99
498,2005,30.62
498,2006,34.5
498,2007,33.88
498,2008,31.18
498,2009,24.86
498,2010,30.16
498,2011,25.85
498,2012,27.27
498,2013,27.44
498,2014,26
498,2015,23.65
498,2016,21.69
499,2007,5.35
499,2008,6.56
499,2009,7.28
499,2010,8.1
499,2011,8.85
499,2012,9.73
499,2013,9.48
499,2014,9.4
499,2015,9.41
499,2016,9.06
504,1990,6.65
504,1991,6.16
504,1992,6.44
504,1993,6.19
504,1994,5.13
504,1995,5.05
504,1996,5.02
504,1997,4.84
504,1998,4.81
504,1999,4.66
504,2000,5.56
504,2001,8.26
504,2002,6.81
504,2003,6.94
504,2004,7.08
504,2005,7.36
504,2006,7.94
504,2007,8.52
504,2008,7.45
504,2009,6.75
504,2010,6.89
504,2011,7.16
504,2012,6.62
504,2013,6.44
504,2014,7.08
504,2015,6.82
504,2016,6.84
508,1990,2.8
508,1991,1.7
508,1992,2.53
508,1993,2.49
508,1994,2.23
508,1995,2.34
508,1996,1.73
508,1997,1.5
508,1998,0.95
508,1999,0.72
508,2000,0.73
508,2001,0.88
508,2002,1.04
508,2003,1.24
508,2004,0.84
508,2005,0.76
508,2006,0.96
508,2007,1.06
508,2008,1.01
508,2009,1.02
508,2010,1.14
508,2011,0.99
508,2012,1.2
508,2013,0.95
508,2014,0.92
508,2015,0.97
508,2016,0.85
512,1990,0.33
512,1991,0.34
512,1992,0.31
512,1993,0.31
512,1994,0.3
512,1995,0.28
512,1996,0.26
512,1997,0.25
512,1998,0.28
512,1999,0.25
512,2000,0.2
512,2001,0.2
512,2002,0.19
512,2003,0.18
512,2004,0.16
512,2005,0.13
512,2006,0.1
512,2007,0.09
512,2008,0.06
512,2009,0.08
512,2010,0.07
512,2011,0.06
512,2012,0.05
512,2013,0.05
512,2014,0.05
512,2015,0.06
512,2016,0.06
513,1990,0.24
513,1991,0.23
513,1992,0.23
513,1993,0.23
513,1994,0.24
513,1995,0.2
513,1996,0.2
513,1997,0.22
513,1998,0.23
513,1999,0.22
513,2000,0.21
513,2001,0.22
513,2002,0.23
513,2003,0.25
513,2004,0.27
513,2005,0.28
513,2006,0.29
513,2007,0.33
513,2008,0.35
513,2009,0.36
513,2010,0.35
513,2011,0.36
513,2012,0.35
513,2013,0.38
513,2014,0.37
513,2015,0.36
513,2016,0.36
514,1990,0.26
514,1991,0.21
514,1992,0.2
514,1993,0.19
514,1994,0.2
514,1995,0.17
514,1996,0.17
514,1997,0.18
514,1998,0.19
514,1999,0.18
514,2000,0.18
514,2001,0.19
514,2002,0.2
514,2003,0.21
514,2004,0.23
514,2005,0.24
514,2006,0.26
514,2007,0.29
514,2008,0.31
514,2009,0.31
514,2010,0.3
514,2011,0.31
514,2012,0.31
514,2013,0.33
514,2014,0.34
514,2015,0.33
514,2016,0.32
515,1990,1.04
515,1991,1.02
515,1992,1.16
515,1993,1.12
515,1994,1.1
515,1995,1.09
515,1996,1.04
515,1997,1.2
515,1998,1.17
515,1999,1.22
515,2000,1.21
515,2001,1.32
515,2002,1.53
515,2003,1.7
515,2004,1.64
515,2005,1.62
515,2006,1.62
515,2007,1.57
515,2008,1.56
515,2009,1.51
515,2010,1.37
515,2011,1.3
515,2012,1.33
515,2013,1.3
515,2014,1.33
515,2015,1.45
515,2016,1.37
516,1990,0.48
516,1991,0.46
516,1992,0.46
516,1993,0.45
516,1994,0.41
516,1995,0.4
516,1996,0.34
516,1997,0.32
516,1998,0.29
516,1999,0.26
516,2000,0.23
516,2001,0.24
516,2002,0.22
516,2003,0.24
516,2004,0.22
516,2005,0.24
516,2006,0.21
516,2007,0.18
516,2008,0.16
516,2009,0.87
516,2010,0.61
516,2011,0.64
516,2012,0.61
516,2013,0.51
516,2014,0.63
516,2015,0.41
516,2016,0.61
518,1990,0.41
518,1991,0.43
518,1992,0.46
518,1993,0.42
518,1994,0.39
518,1995,0.28
518,1996,0.34
518,1997,0.56
518,1998,0.35
518,1999,0.29
518,2000,0.28
518,2001,0.29
518,2002,0.34
518,2003,0.43
518,2004,0.45
518,2005,0.27
518,2006,0.24
518,2007,0.25
518,2008,0.29
518,2009,0.25
518,2010,0.27
518,2011,0.26
518,2012,0.24
518,2013,0.22
518,2014,0.3
518,2015,0.4
518,2016,0.33
524,1993,1.5
524,1994,1.23
524,1995,1.29
524,1996,0.98
524,1997,1.01
524,1998,1.39
524,1999,1.66
524,2000,2.03
524,2001,2.45
524,2002,11.21
524,2003,12.18
524,2004,11.31
524,2005,14.91
524,2006,16.07
524,2007,16.79
524,2008,21.74
524,2009,23.21
524,2010,21.65
524,2011,22.3
524,2012,25.43
524,2013,29
524,2014,29.44
524,2015,31.43
524,2016,31.29
528,1990,0.23
528,1991,0.21
528,1992,0.22
528,1993,0.26
528,1994,0.26
528,1995,0.15
528,1996,0.16
528,1997,0.16
528,1998,0.15
528,1999,0.11
528,2000,0.1
528,2001,0.11
528,2002,0.1
528,2003,0.2
528,2004,0.2
528,2005,0.19
528,2006,0.21
528,2007,0.19
528,2008,0.18
528,2009,0.2
528,2010,0.21
528,2011,0.2
528,2012,0.2
528,2013,0.19
528,2014,0.17
528,2015,0.17
528,2016,0.17
533,1994,0.29
533,1995,0.1
533,1996,0.12
533,1997,0.12
533,1998,0.1
533,1999,0.04
533,2000,0.06
533,2001,0.07
533,2002,0.07
533,2003,0.01
533,2004,0.07
533,2005,0.04
533,2006,0.04
533,2007,0.2
533,2008,0.24
533,2009,0.36
533,2010,0.2
533,2011,0.21
543,2001,3.55
543,2006,3.2
543,2007,2.95
543,2008,2.34
543,2009,2.61
543,2010,2.34
543,2011,2.04
543,2012,2.08
543,2013,2.09
543,2014,1.8
543,2015,1.99
543,2016,1.08
548,1990,5.18
548,1991,4.8
548,1992,7.18
548,1993,6.4
548,1994,8.26
548,1995,2.62
548,1996,14.51
548,1997,6.07
548,1998,2.97
548,1999,3.59
548,2000,4.97
548,2001,7.15
548,2002,1.56
548,2003,1.27
548,2004,1.35
548,2005,1.29
548,2006,1.14
548,2007,1.05
548,2008,1.47
548,2009,1.88
548,2010,1.68
548,2011,2.75
548,2012,2.82
548,2013,2.96
548,2014,3.45
548,2015,3.24
548,2016,2.44
554,1990,1.67
554,1991,1.52
554,1992,1.45
554,1993,1.78
554,1994,2.09
554,1995,2.58
554,1996,2.91
554,1997,1.53
554,1998,0.46
554,1999,0.44
554,2000,0.41
554,2001,0.41
554,2002,0.35
554,2003,0.33
554,2004,0.31
554,2005,0.31
554,2006,0.3
554,2007,0.28
554,2008,0.32
554,2009,0.27
554,2010,0.25
554,2011,0.27
554,2012,0.26
554,2013,0.24
554,2014,0.23
554,2015,0.24
554,2016,0.23
558,1992,0.56
558,1993,1.42
558,1994,1.29
558,1995,1.81
558,1996,2.21
558,1997,3.42
558,1998,4.31
558,1999,6.18
558,2000,6.27
558,2001,6.31
558,2002,7.21
558,2003,8.24
558,2004,8.95
558,2005,9.74
558,2006,10.31
558,2007,9.96
558,2008,9.65
558,2009,9.28
558,2010,9.42
558,2011,9.35
558,2012,9.65
558,2013,9.85
558,2014,9.6
558,2015,9.39
558,2016,9.58
566,1990,0.03
566,1991,0.24
566,1992,0.19
566,1993,5.02
566,1994,3.04
566,1995,2.81
566,1996,2.71
566,1997,5.36
566,1998,4.92
566,1999,3.63
566,2000,3
566,2001,2.64
566,2002,2.05
566,2003,1.57
566,2004,2.59
566,2005,13.04
566,2006,11.64
566,2007,10.82
566,2008,9.23
566,2009,10.84
566,2010,5.35
566,2011,5.01
566,2012,4.46
566,2013,4.04
566,2014,3.66
566,2015,4.38
566,2016,4.85
578,1990,0.13
578,1991,0.14
578,1992,0.15
578,1993,0.14
578,1994,0.13
578,1995,0.16
578,1996,0.19
578,1997,0.18
578,1998,0.19
578,1999,0.18
578,2000,0.16
578,2001,0.16
578,2002,0.17
578,2003,0.17
578,2004,0.18
578,2005,0.16
578,2006,0.15
578,2007,0.15
578,2008,0.15
578,2009,0.16
578,2010,0.16
578,2011,0.15
578,2012,0.15
578,2013,0.15
578,2014,0.15
578,2015,0.16
578,2016,0.16
583,2009,6.2
583,2010,6.09
583,2011,6.26
583,2012,6.38
583,2013,6.98
583,2014,7.34
583,2015,7.4
583,2016,7.07
584,2005,17.21
584,2006,18.06
584,2007,16.67
584,2008,15.1
584,2009,15.45
584,2010,13.47
584,2011,12.78
584,2012,12.55
584,2013,12.87
584,2014,14.24
584,2015,14.51
584,2016,13.41
585,2005,0.77
585,2006,0.8
585,2007,0.79
585,2008,0.82
585,2009,0.85
585,2010,0.92
585,2011,0.98
585,2012,1.1
585,2013,1.04
585,2014,0.9
585,2015,0.76
585,2016,0.73
586,1990,5.01
586,1991,3.41
586,1992,3.24
586,1993,2.81
586,1994,3.37
586,1995,2.82
586,1996,2.03
586,1997,2.73
586,1998,1.88
586,1999,1.58
586,2000,1.45
586,2001,2.02
586,2002,4.92
586,2003,4.76
586,2004,4.03
586,2005,3.91
586,2006,3.73
586,2007,3.94
586,2008,4.14
586,2009,5.18
586,2010,5.46
586,2011,5.74
586,2012,6.24
586,2013,6.33
586,2014,7.06
586,2015,7.14
586,2016,7.08
591,1990,1.71
591,1991,1.53
591,1992,1.27
591,1993,1.24
591,1994,1.2
591,1995,1.17
591,1996,0.87
591,1997,0.6
591,1998,0.5
591,1999,0.4
591,2000,0.13
591,2001,0.58
591,2002,0.65
591,2003,0.78
591,2004,0.73
591,2005,0.79
591,2006,1.66
591,2007,1.7
591,2008,1.54
591,2009,1.27
591,2010,1.42
591,2011,1.07
591,2012,1.03
591,2013,1.03
591,2014,1.54
591,2015,1.06
591,2016,0.91
598,1990,0.17
598,1991,0.55
598,1992,0.47
598,1993,0.41
598,1994,0.36
598,1995,0.34
598,1996,0.29
598,1997,0.28
598,1998,0.26
598,1999,0.23
598,2000,0.21
598,2001,0.19
598,2002,0.19
598,2003,0.2
598,2004,0.24
598,2005,0.14
598,2006,0.05
598,2007,0.08
598,2008,0.06
598,2009,0.04
598,2010,0.02
598,2011,0.09
598,2012,0.07
598,2013,0.07
598,2014,0.05
598,2015,0.05
598,2016,0.01
600,1990,0.59
600,1991,0.61
600,1992,0.89
600,1993,1.3
600,1994,1.88
600,1995,1.49
600,1996,1.4
600,1997,1.42
600,1998,1.58
600,1999,1.76
600,2000,1.85
600,2001,1.83
600,2002,1.56
600,2003,1.66
600,2004,1.64
600,2005,1.85
600,2006,3.16
600,2007,2.47
600,2008,1.96
600,2009,2.37
600,2010,2.05
600,2011,2.15
600,2012,2.58
600,2013,2.15
600,2014,1.64
600,2015,2.03
600,2016,2.4
604,1990,0.33
604,1991,0.43
604,1992,0.66
604,1993,0.82
604,1994,1.05
604,1995,1.12
604,1996,1.08
604,1997,1.09
604,1998,1.17
604,1999,1.33
604,2000,1.39
604,2001,1.45
604,2002,1.29
604,2003,1.48
604,2004,1.7
604,2005,1.89
604,2006,2.07
604,2007,2.09
604,2008,2.03
604,2009,1.99
604,2010,1.72
604,2011,1.57
604,2012,1.45
604,2013,1.35
604,2014,1.31
604,2015,1.44
604,2016,1.5
608,1990,3.31
608,1991,4.07
608,1992,4.79
608,1993,4.76
608,1994,5.39
608,1995,7.23
608,1996,5.88
608,1997,8.26
608,1998,7.1
608,1999,8.06
608,2000,8.55
608,2001,11.49
608,2002,11.97
608,2003,12.2
608,2004,12.55
608,2005,13.32
608,2006,12.68
608,2007,11.01
608,2008,10.82
608,2009,11.86
608,2010,10.8
608,2011,10.29
608,2012,9.84
608,2013,9.83
608,2014,10.08
608,2015,10.18
608,2016,10.21
616,1994,0.52
616,1995,0.51
616,1996,0.48
616,1997,0.53
616,1998,0.61
616,1999,0.49
616,2000,0.87
616,2001,0.82
616,2002,0.85
616,2003,1.05
616,2004,1.85
616,2005,2.11
616,2006,2.46
616,2007,2.44
616,2008,1.96
616,2009,1.86
616,2010,1.6
616,2011,1.46
616,2012,1.4
616,2013,1.41
616,2014,1.36
616,2015,1.42
616,2016,1.42
620,1990,5.69
620,1991,5.29
620,1992,4.43
620,1993,4.54
620,1994,3.82
620,1995,3.35
620,1996,3.02
620,1997,2.98
620,1998,2.85
620,1999,0.19
620,2000,0.22
620,2001,0.28
620,2002,0.23
620,2003,0.23
620,2004,0.2
620,2005,0.2
620,2006,0.21
620,2007,0.25
620,2008,0.24
620,2009,0.25
620,2010,0.22
620,2011,0.22
620,2012,0.21
620,2013,0.2
620,2014,0.19
620,2015,0.19
620,2016,0.19
624,1990,0.41
624,1991,0.45
624,1992,0.59
624,1993,0.63
624,1994,0.71
624,1995,0.72
624,1996,0.74
624,1997,0.74
624,1998,1.94
624,1999,2.68
624,2000,2.17
624,2001,2.56
624,2002,4.24
624,2003,4.85
624,2004,5.22
624,2005,3.39
624,2006,4.31
624,2007,6.19
624,2008,5.72
624,2009,5.92
624,2010,5.39
624,2011,4.74
624,2012,4.61
624,2013,6.1
624,2014,8.76
624,2015,8.2
624,2016,8.01
626,2006,0.83
626,2007,1.97
626,2008,2.68
626,2009,14.42
626,2010,15.33
626,2011,12.99
626,2012,10.08
626,2013,2.39
626,2014,3.01
626,2015,3.83
626,2016,4.5
634,2011,0.34
634,2012,0.43
634,2013,0.29
634,2014,0.24
634,2015,0.27
634,2016,0.25
642,1994,0.04
642,1995,0.02
642,1996,0.05
642,1997,0.04
642,1998,0.12
642,1999,0.27
642,2000,0.26
642,2001,0.28
642,2002,0.31
642,2003,0.21
642,2004,0.17
642,2005,0.95
642,2006,0.94
642,2007,0.95
642,2008,0.82
642,2009,0.41
642,2010,0.38
642,2011,0.37
642,2012,0.43
642,2013,1.84
642,2014,1.69
642,2015,1.73
642,2016,1.86
643,1994,1.15
643,1995,0.04
643,1996,0.03
643,1997,0.06
643,1998,0.11
643,1999,0.22
643,2000,0.19
643,2001,0.32
643,2002,0.27
643,2003,0.26
643,2004,0.37
643,2005,0.45
643,2006,0.39
643,2007,0.36
643,2008,0.35
643,2009,0.42
643,2010,0.34
643,2011,0.3
643,2012,0.26
643,2013,0.29
643,2014,0.38
643,2015,0.51
643,2016,0.52
646,1990,0.1
646,1991,0.19
646,1992,0.09
646,1993,0.2
646,1994,1.66
646,1995,1.63
646,1996,0.95
646,1997,0.28
646,1998,0.22
646,1999,0.18
646,2000,0.38
646,2001,0.47
646,2002,0.43
646,2003,0.52
646,2004,0.47
646,2005,0.34
646,2006,0.92
646,2007,3.18
646,2008,1.39
646,2009,1.72
646,2010,1.84
646,2011,2.68
646,2012,2.49
646,2013,2.23
646,2014,2.29
646,2015,1.93
646,2016,2.06
659,1990,9.24
659,1991,0.71
659,1992,0.64
659,1993,6.06
659,1994,6.34
659,1995,6.18
659,1996,5.95
659,1997,5.52
659,1998,5.89
659,1999,5.94
659,2000,5.77
659,2001,5.37
659,2002,5.25
659,2003,5.76
659,2004,5.66
659,2005,5.57
659,2006,5.16
659,2007,5.36
659,2008,5.43
659,2009,5.37
659,2010,6.67
659,2011,5.93
659,2012,6.95
659,2013,6.54
659,2014,2.39
659,2015,2.3
659,2016,1.14
662,1990,3.33
662,1991,3.45
662,1992,0.36
662,1993,2.68
662,1994,3.63
662,1995,3.31
662,1996,3.8
662,1997,3.4
662,1998,3.2
662,1999,3.09
662,2000,3.04
662,2001,3.24
662,2002,3.28
662,2003,3.05
662,2004,2.95
662,2005,2.85
662,2006,2.45
662,2007,2.24
662,2008,2.25
662,2009,2.22
662,2010,2.1
662,2011,2.05
662,2012,2.07
662,2013,2.02
662,2014,2.08
662,2015,1.95
662,2016,0.07
670,1990,6.5
670,1991,0.96
670,1992,0.73
670,1993,6.07
670,1994,5.87
670,1995,4.9
670,1996,5.01
670,1997,4.94
670,1998,4.83
670,1999,4.75
670,2000,4.87
670,2001,4.52
670,2002,4.42
670,2003,4.3
670,2004,4.11
670,2005,4.07
670,2006,4.18
670,2007,4.43
670,2008,3.85
670,2009,4.31
670,2010,4.27
670,2011,4.32
670,2012,4.49
670,2013,4.38
670,2014,6
670,2015,5.52
670,2016,0.21
678,2001,0.77
678,2002,0.99
678,2003,1.89
678,2004,1.04
678,2005,1.19
678,2006,1.19
678,2007,1.37
678,2008,1.6
678,2009,1.06
678,2010,3.22
678,2011,2.95
678,2012,2.52
678,2013,8.77
678,2014,7.69
678,2015,6.33
678,2016,5.26
682,2005,0.03
682,2006,0.03
682,2007,0.03
682,2008,0.04
682,2009,0.05
682,2010,0.04
682,2011,0.04
682,2012,0.03
682,2013,0.04
682,2014,0.04
682,2015,0.05
682,2016,0.05
686,1990,2.49
686,1991,2.89
686,1992,2.93
686,1993,2.99
686,1994,2.94
686,1995,2.99
686,1996,2.97
686,1997,3.22
686,1998,2.93
686,1999,3.62
686,2000,4.99
686,2001,6.25
686,2002,6.46
686,2003,7.45
686,2004,7.88
686,2005,9.06
686,2006,9.89
686,2007,10.56
686,2008,10.98
686,2009,10.54
686,2010,11.41
686,2011,11.21
686,2012,11.08
686,2013,11.97
686,2014,12.6
686,2015,14.14
686,2016,13.73
688,2007,9.34
688,2008,7.2
688,2009,10.91
688,2010,10.43
688,2011,8.52
688,2012,8.71
688,2013,8.84
688,2014,8.36
688,2015,9.07
688,2016,8.37
690,1990,2.04
690,1991,1.96
690,1992,2.48
690,1993,0.06
690,1994,0.06
690,1995,0.1
690,1996,0.14
690,1997,0.04
690,1998,0.02
690,1999,0.03
690,2000,0.51
690,2001,0.29
690,2002,0.28
690,2003,0.69
690,2004,0.81
690,2005,1.32
690,2006,1.31
690,2007,0.46
690,2008,0.33
690,2009,1.9
690,2010,1.79
690,2011,2.37
690,2012,1.56
690,2013,0.91
690,2014,1.06
690,2015,1.28
690,2016,1.55
694,1990,0
694,1991,0
694,1992,0.01
694,1993,0.01
694,1994,0.01
694,1995,2.72
694,1996,2.68
694,1997,0.7
694,1998,3.02
694,1999,3.36
694,2000,1.12
694,2001,0.58
694,2002,1.76
694,2003,1.89
694,2004,1.73
694,2005,0.15
694,2006,0.83
694,2007,1.94
694,2008,0.9
694,2009,1.44
694,2010,1.69
694,2011,2
694,2012,1.7
694,2013,1.42
694,2014,1.24
694,2015,1.13
694,2016,1.29
703,1993,0.48
703,1994,0.24
703,1995,0.1
703,1996,0.07
703,1997,0.11
703,1998,0.08
703,1999,0.06
703,2000,0.06
703,2001,0.07
703,2002,0.07
703,2003,0.91
703,2004,1.23
703,2005,1.93
703,2006,1.9
703,2007,1.93
703,2008,2.04
703,2009,1.88
703,2010,1.78
703,2011,1.79
703,2012,2.06
703,2013,2.1
703,2014,2.37
703,2015,2.44
703,2016,2.36
704,2000,4.3
704,2001,3.37
704,2002,5.05
704,2003,5.31
704,2004,5.08
704,2005,5.47
704,2006,5.73
704,2007,7.98
704,2008,6.86
704,2009,5.68
704,2010,7.12
704,2011,6.35
704,2012,6.42
704,2013,6.42
704,2014,6.44
704,2015,6.83
704,2016,5.79
705,1995,1.27
705,1996,1.28
705,1997,1.15
705,1998,1.01
705,1999,0.98
705,2000,0.99
705,2001,0.95
705,2002,0.9
705,2003,0.78
705,2004,0.76
705,2005,0.72
705,2006,0.71
705,2007,0.67
705,2008,0.68
705,2009,0.66
705,2010,0.72
705,2011,0.95
705,2012,0.55
705,2013,0.64
705,2014,0.74
705,2015,0.98
705,2016,0.81
710,1990,0.12
710,1991,0.1
710,1992,0.09
710,1993,0.08
710,1994,0.07
710,1995,0.05
710,1996,0.05
710,1997,0.12
710,1998,0.19
710,1999,0.22
710,2000,0.24
710,2001,0.23
710,2002,0.23
710,2003,0.22
710,2004,0.2
710,2005,0.24
710,2006,0.25
710,2007,0.26
710,2008,0.27
710,2009,0.29
710,2010,0.28
710,2011,0.28
710,2012,0.27
710,2013,0.26
710,2014,0.26
710,2015,0.26
710,2016,0.26
716,1990,0.01
716,1991,0
716,1992,0.01
716,1993,0.02
716,1994,0.63
716,2009,13.98
716,2010,13.93
716,2011,15.87
716,2012,14.84
716,2013,12.23
716,2014,11.98
716,2015,12.55
716,2016,11.17
724,1990,0.41
724,1991,0.37
724,1992,0.42
724,1993,0.44
724,1994,0.5
724,1995,0.45
724,1996,0.46
724,1997,0.49
724,1998,0.53
724,1999,0.1
724,2000,0.11
724,2001,0.11
724,2002,0.11
724,2003,0.1
724,2004,0.09
724,2005,0.1
724,2006,0.1
724,2007,0.11
724,2008,0.11
724,2009,0.1
724,2010,0.11
724,2011,0.11
724,2012,0.16
724,2013,0.22
724,2014,0.22
724,2015,0.22
724,2016,0.21
728,2014,0.01
729,1990,0.5
729,1991,0.4
729,1992,1.76
729,1993,0.85
729,1994,0.84
729,1995,2.5
729,1996,2.46
729,1997,3.59
729,1998,6.1
729,1999,6.23
729,2000,5.23
729,2001,5.61
729,2002,6.6
729,2003,6.93
729,2004,6.54
729,2005,2.65
729,2006,2.24
729,2007,2.18
729,2008,2.92
729,2009,2.62
729,2010,2.22
729,2011,1.22
729,2012,0.87
729,2013,0.86
729,2014,0.62
729,2015,0.16
729,2016,0.16
738,1990,0.68
738,1991,0.66
738,1992,0.73
738,1993,0.96
738,1994,0.88
738,1995,0.98
738,1996,0.93
738,1997,1.42
738,1998,1.5
738,1999,1.46
738,2000,1.52
738,2001,1.35
738,2002,1.44
738,2003,1.31
738,2004,1.48
738,2005,3.24
738,2006,3.28
738,2007,3.17
738,2008,2.89
738,2009,3.02
738,2010,2.42
738,2011,2.48
738,2012,2.4
738,2013,2.27
738,2014,2.25
738,2015,2.63
738,2016,2.52
740,1990,0.13
740,1991,0.91
740,1992,1.14
740,1993,0.82
740,1994,0.03
740,1995,0.04
740,1996,0.04
740,1997,0.04
740,1998,0.14
740,1999,0.26
740,2000,0.14
740,2001,0.03
740,2002,1.4
740,2003,1.85
740,2004,0.61
740,2005,0.22
740,2006,0.08
740,2007,0.1
740,2008,0.06
740,2009,0.12
740,2010,0.1
740,2011,0.09
740,2012,0.16
740,2013,0.14
740,2014,0.17
740,2015,0.14
740,2016,0.05
746,1990,4.87
746,1991,6.14
746,1992,7.33
746,1993,6.45
746,1994,5.16
746,1995,4.4
746,1996,3.88
746,1997,3.93
746,1998,3.64
746,1999,3.3
746,2000,2.61
746,2001,3.14
746,2002,3.44
746,2003,3.74
746,2004,3.98
746,2005,3.34
746,2006,3.27
746,2007,4.23
746,2008,3.75
746,2009,3.36
746,2010,4.09
746,2011,4.08
746,2012,4.47
746,2013,4.18
746,2014,4.43
746,2015,4.27
746,2016,4.04
747,1998,2.7
747,2000,2.22
747,2005,1.71
747,2006,1.68
747,2007,1.79
747,2008,1.7
747,2009,1.73
747,2010,1.65
747,2011,1.47
747,2012,1.58
747,2013,1.53
747,2014,1.61
747,2015,1.63
747,2016,1.56
748,1990,10.12
748,1991,9.4
748,1992,8.62
748,1993,6.1
748,1994,5.43
748,1995,4.84
748,1996,4.7
748,1997,4.88
748,1998,4.97
748,1999,4.52
748,2000,3.27
748,2001,3.42
748,2002,3.08
748,2003,2.97
748,2004,2.99
748,2005,3
748,2006,2.91
748,2007,2.74
748,2008,2.72
748,2009,2.61
748,2010,1.23
748,2011,1.32
748,2012,1.84
748,2013,1.65
748,2014,2.19
748,2015,2.38
748,2016,2.65
752,1990,0.06
752,1991,0.08
752,1992,0.08
752,1993,0.11
752,1994,0.11
752,1995,0.1
752,1996,0.09
752,1997,0.12
752,1998,0.05
752,1999,0.13
752,2000,0.17
752,2001,0.24
752,2002,0.19
752,2003,0.41
752,2004,0.42
752,2005,0.47
752,2006,0.53
752,2007,0.66
752,2008,0.8
752,2009,0.92
752,2010,0.83
752,2011,0.78
752,2012,0.79
752,2013,0.79
752,2014,0.79
752,2015,0.68
752,2016,0.55
753,1991,0.15
753,1992,0.15
753,1993,0.15
753,1994,0.16
753,1995,0.17
753,1996,0.19
753,1997,0.28
753,1998,0.23
753,1999,0.23
753,2000,0.24
753,2001,0.29
753,2002,0.34
753,2003,0.36
753,2004,0.38
753,2005,0.39
753,2006,0.41
753,2007,0.44
753,2008,0.44
753,2009,0.43
753,2010,0.43
753,2011,0.41
753,2012,0.41
753,2013,0.44
753,2014,0.51
753,2015,0.6
753,2016,0.53
756,1990,0.36
756,1991,0.38
756,1992,0.38
756,1993,0.4
756,1994,0.41
756,1995,0.43
756,1996,0.42
756,1997,0.42
756,1998,0.42
756,1999,0.42
756,2000,0.37
756,2001,0.42
756,2002,0.41
756,2003,0.43
756,2004,0.43
756,2005,0.42
756,2006,0.42
756,2007,0.37
756,2008,0.4
756,2009,0.43
756,2010,0.43
756,2011,0.37
756,2012,0.36
756,2013,0.35
756,2014,0.34
756,2015,0.37
756,2016,0.37
760,1990,3.13
760,1991,2.7
760,1992,4.15
760,1993,2.57
760,1994,5.29
760,1995,2.97
760,1996,2.27
760,1997,1.64
760,1998,1.45
760,1999,1.25
760,2000,0.93
760,2001,0.81
760,2002,0.63
760,2003,4.07
760,2004,3.41
760,2005,2.85
760,2006,2.39
760,2007,2.55
762,2002,6.43
762,2003,9.4
762,2004,12.14
762,2005,20.18
762,2006,36
762,2007,45.46
762,2008,49.29
762,2009,35.11
762,2010,35.81
762,2011,41.74
762,2012,42.22
762,2013,43.47
762,2014,36.64
762,2015,28.76
762,2016,26.86
764,1990,1.14
764,1991,1.04
764,1992,0.4
764,1993,0.86
764,1994,0.87
764,1995,1
764,1996,0.99
764,1997,1.1
764,1998,1.25
764,1999,1.15
764,2000,1.34
764,2001,1.04
764,2002,1.03
764,2003,1.06
764,2004,0.94
764,2005,0.63
764,2006,0.6
764,2007,0.62
764,2008,0.65
764,2009,1.35
764,2010,1.3
764,2011,1.42
764,2012,1.42
764,2013,1.57
764,2014,1.6
764,2015,1.48
764,2016,1.54
768,1990,1.65
768,1991,1.81
768,1992,0.96
768,1993,0.95
768,1994,1.56
768,1995,1.15
768,1996,2
768,1997,1.75
768,1998,1.17
768,1999,1.45
768,2000,2.65
768,2001,5.14
768,2002,7
768,2003,8.88
768,2004,9.24
768,2005,9.1
768,2006,10.54
768,2007,11.27
768,2008,10.65
768,2009,10.58
768,2010,10.61
768,2011,6.5
768,2012,8.92
768,2013,9.74
768,2014,9.53
768,2015,8.9
768,2016,7.98
776,1990,21.1
776,1991,14.19
776,1992,15.57
776,1993,15.14
776,2001,28.98
776,2002,36.16
776,2003,29.73
776,2004,30.11
776,2005,26.18
776,2006,26.77
776,2007,33.65
776,2008,26.86
776,2009,22.67
776,2010,20.9
776,2011,18.61
776,2012,24.9
776,2013,26.85
776,2014,18.07
776,2015,18.42
776,2016,19.97
780,1990,0.07
780,1991,0.1
780,1992,0.12
780,1993,0.42
780,1994,0.54
780,1995,0.57
780,1996,0.49
780,1997,0.53
780,1998,0.74
780,1999,0.8
780,2000,0.47
780,2001,0.46
780,2002,0.88
780,2003,0.77
780,2004,0.65
780,2005,0.58
780,2006,0.5
780,2007,0.51
780,2008,0.34
780,2009,0.57
780,2010,0.41
780,2011,0.64
780,2012,0.54
780,2013,0.55
780,2014,0.55
780,2015,0.66
780,2016,0.66
788,1990,4.48
788,1991,4.01
788,1992,3.43
788,1993,3.06
788,1994,4.02
788,1995,3.77
788,1996,3.76
788,1997,3.3
788,1998,3.29
788,1999,3.32
788,2000,3.71
788,2001,4.2
788,2002,4.62
788,2003,4.55
788,2004,4.59
788,2005,4.32
788,2006,4.39
788,2007,4.41
788,2008,4.41
788,2009,4.52
788,2010,4.68
788,2011,4.38
788,2012,5.03
788,2013,4.95
788,2014,4.93
788,2015,4.57
788,2016,4.33
792,1990,2.15
792,1991,1.88
792,1992,1.9
792,1993,1.62
792,1994,2.01
792,1995,1.96
792,1996,1.95
792,1997,2.21
792,1998,1.94
792,1999,1.77
792,2000,1.67
792,2001,1.39
792,2002,0.81
792,2003,0.23
792,2004,0.2
792,2005,0.27
792,2006,0.33
792,2007,0.31
792,2008,0.32
792,2009,0.28
792,2010,0.24
792,2011,0.23
792,2012,0.22
792,2013,0.2
792,2014,0.19
792,2015,0.16
792,2016,0.14
795,1996,0.19
795,2006,0.14
795,2007,0.24
795,2008,0.26
795,2009,0.17
795,2010,0.16
795,2011,0.12
795,2012,0.11
795,2013,0.1
795,2014,0.07
795,2015,0.04
795,2016,0.02
798,2001,32.21
798,2002,42.34
798,2003,27.85
798,2004,22.58
798,2005,22.58
798,2006,16
798,2007,20.74
798,2008,19.69
798,2009,17.81
798,2010,12.32
798,2011,11.66
798,2012,9.62
798,2013,10.59
798,2014,10.89
798,2015,12.42
798,2016,11.86
800,1999,3.88
800,2000,3.84
800,2001,5.97
800,2002,7.15
800,2003,4.72
800,2004,3.91
800,2005,3.57
800,2006,4.13
800,2007,3.67
800,2008,5.08
800,2009,4.3
800,2010,3.82
800,2011,4.05
800,2012,3.95
800,2013,3.82
800,2014,3.25
800,2015,3.33
800,2016,4.22
804,1996,0.01
804,1997,0.02
804,1998,0.03
804,1999,0.06
804,2000,1.34
804,2001,2.18
804,2002,2.81
804,2003,3.04
804,2004,2.89
804,2005,2.8
804,2006,2.88
804,2007,3.71
804,2008,3.77
804,2009,5.07
804,2010,4.8
804,2011,4.79
804,2012,4.81
804,2013,5.27
804,2014,5.51
804,2015,6.42
804,2016,6.59
807,1996,1.53
807,1997,2.08
807,1998,1.77
807,1999,2.08
807,2000,2.14
807,2001,1.98
807,2002,2.64
807,2003,3.51
807,2004,3.75
807,2005,3.62
807,2006,3.88
807,2007,4.14
807,2008,4.1
807,2009,4.05
807,2010,4.12
807,2011,4.14
807,2012,4.04
807,2013,3.48
807,2014,3.23
807,2015,3.05
807,2016,2.67
818,1990,9.93
818,1991,10.97
818,1992,14.58
818,1993,12.16
818,1994,7.08
818,1995,5.36
818,1996,4.59
818,1997,4.71
818,1998,3.97
818,1999,3.57
818,2000,2.86
818,2001,2.98
818,2002,3.29
818,2003,3.57
818,2004,4.24
818,2005,5.59
818,2006,4.96
818,2007,5.87
818,2008,5.34
818,2009,3.78
818,2010,5.69
818,2011,6.07
818,2012,6.89
818,2013,6.18
818,2014,6.41
818,2015,5.51
818,2016,4.99
826,1990,0.19
826,1991,0.18
826,1992,0.17
826,1993,0.17
826,1994,0.17
826,1995,0.1
826,1996,0.1
826,1997,0.11
826,1998,0.08
826,1999,0.33
826,2000,0.31
826,2001,0.31
826,2002,0.3
826,2003,0.28
826,2004,0.25
826,2005,0.24
826,2006,0.23
826,2007,0.21
826,2008,0.21
826,2009,0.22
826,2010,0.2
826,2011,0.19
826,2012,0.19
826,2013,0.18
826,2014,0.16
826,2015,0.17
826,2016,0.17
834,1995,0.02
834,1996,0.3
834,1997,0.02
834,1998,0.12
834,1999,0.07
834,2000,0.08
834,2001,0.15
834,2002,0.11
834,2003,0.08
834,2004,0.11
834,2005,0.11
834,2006,0.08
834,2007,0.12
834,2008,0.13
834,2009,0.14
834,2010,1.1
834,2011,1.21
834,2012,1
834,2013,0.86
834,2014,0.81
834,2015,0.85
834,2016,0.87
840,1990,0.02
840,1991,0.02
840,1992,0.03
840,1993,0.03
840,1994,0.03
840,1995,0.03
840,1996,0.03
840,1997,0.03
840,1998,0.03
840,1999,0.04
840,2000,0.04
840,2001,0.04
840,2002,0.04
840,2003,0.04
840,2004,0.04
840,2005,0.04
840,2006,0.04
840,2007,0.04
840,2008,0.04
840,2009,0.04
840,2010,0.04
840,2011,0.04
840,2012,0.04
840,2013,0.04
840,2014,0.04
840,2015,0.04
840,2016,0.04
854,1990,4.5
854,1991,3.6
854,1992,5.75
854,1993,5.03
854,1994,4.24
854,1995,3.29
854,1996,2.94
854,1997,3.02
854,1998,2.56
854,1999,2.32
854,2000,2.56
854,2001,1.77
854,2002,1.83
854,2003,1.28
854,2004,0.92
854,2005,1.04
854,2006,1.16
854,2007,1.25
854,2008,1.19
854,2009,1.15
854,2010,1.34
854,2011,2.06
854,2012,1.88
854,2013,2.58
854,2014,3.2
854,2015,3.8
854,2016,3.47
858,2001,0
858,2002,0.26
858,2003,0.51
858,2004,0.51
858,2005,0.44
858,2006,0.45
858,2007,0.41
858,2008,0.36
858,2009,0.32
858,2010,0.31
858,2011,0.27
858,2012,0.18
858,2013,0.16
858,2014,0.16
858,2015,0.16
858,2016,0.16
860,2006,5.18
860,2007,7.59
860,2008,10.18
860,2009,6.15
860,2010,7.27
860,2011,9.31
860,2012,10.99
860,2013,11.59
860,2014,9.24
860,2015,4.58
860,2016,3.69
862,1990,0
862,1991,0
862,1992,0
862,1993,0
862,1994,0
862,1995,0
862,1996,0.01
862,1997,0.02
862,1998,0.02
862,1999,0.02
862,2000,0.01
862,2001,0.02
862,2002,0.02
862,2003,0.25
862,2004,0.13
862,2005,0.1
862,2006,0.09
862,2007,0.07
862,2008,0.04
862,2009,0.04
862,2010,0.04
862,2011,0.04
862,2012,0.03
862,2013,0.03
862,2014,0.03
882,1990,34.19
882,1991,27.87
882,1992,30.23
882,1993,24.04
882,1994,16.73
882,1995,18.02
882,1996,17.72
882,1997,16.32
882,1998,15.59
882,1999,17.26
882,2000,16.73
882,2001,16.48
882,2002,15.62
882,2003,13.28
882,2004,0.21
882,2005,17.64
882,2006,17.13
882,2007,17.54
882,2008,16.92
882,2009,21.3
882,2010,21.54
882,2011,21.57
882,2012,22.18
882,2013,20.45
882,2014,17.48
882,2015,16.31
882,2016,4.87
887,1990,26.53
887,1991,16.83
887,1992,15.75
887,1993,19.35
887,1994,25.42
887,1995,25.37
887,1996,19.61
887,1997,17.09
887,1998,19.01
887,1999,16.01
887,2000,13.37
887,2001,13.14
887,2002,12.1
887,2003,10.78
887,2004,9.24
887,2005,7.66
887,2006,6.72
887,2007,6.1
887,2008,5.24
887,2009,4.62
887,2010,4.94
887,2011,4.29
887,2012,9.47
887,2013,8.27
887,2014,7.75
887,2015,8.88
887,2016,12.26
894,2003,0.74
894,2004,0.78
894,2005,0.63
894,2006,0.45
894,2007,0.42
894,2008,0.38
894,2009,0.27
894,2010,0.22
894,2011,0.2
894,2012,0.29
894,2013,0.19
894,2014,0.21
894,2015,0.22
894,2016,0.18
