geo_area,year,en_atm_co2
1,2000,23223.388
1,2001,23572.717
1,2002,23894.669
1,2003,24932.891
1,2004,26106.29
1,2005,27069.7
1,2006,27924.34
1,2007,28979.658
1,2008,29202.929
1,2009,28815.207
1,2010,30489.874
1,2011,31338.276
1,2012,31669.225
1,2013,32287.777
1,2014,32327.809
1,2015,32276.039
1,2016,32314.22
2,2000,658.252
2,2001,721.153
2,2002,745.939
2,2003,779.965
2,2004,829.122
2,2005,857.35
2,2006,873.506
2,2007,909.515
2,2008,968.385
2,2009,957.09
2,2010,995.373
2,2011,999.776
2,2012,1058.115
2,2013,1104.449
2,2014,1150.168
2,2015,1141.015
2,2016,1157.609
5,2000,712.242
5,2001,712.378
5,2002,703.881
5,2003,707.66
5,2004,759.369
5,2005,777.69
5,2006,790.271
5,2007,821.45
5,2008,892.165
5,2009,869.011
5,2010,943.867
5,2011,962.601
5,2012,1023.712
5,2013,1052.322
5,2014,1083.244
5,2015,1059.805
5,2016,1026.971
8,2000,3.083
8,2001,3.224
8,2002,3.75
8,2003,3.822
8,2004,4.007
8,2005,3.825
8,2006,3.792
8,2007,3.776
8,2008,3.709
8,2009,3.766
8,2010,3.93
8,2011,4.142
8,2012,3.485
8,2013,3.646
8,2014,4.123
8,2015,3.825
8,2016,3.674
9,2000,370.897
9,2001,380.349
9,2002,388.601
9,2003,395.244
9,2004,409.289
9,2005,416.185
9,2006,421.724
9,2007,429.655
9,2008,432.973
9,2009,435.246
9,2010,429.705
9,2011,428.531
9,2012,429.067
9,2013,425.595
9,2014,418.335
9,2015,425.242
9,2016,437.819
11,2000,61.619
11,2001,67.962
11,2002,71.382
11,2003,73.539
11,2004,74.029
11,2005,77.769
11,2006,74.033
11,2007,72.117
11,2008,78.06
11,2009,72.211
11,2010,85.078
11,2011,89.987
11,2012,95.1
11,2013,116.418
11,2014,125.078
11,2015,123.117
11,2016,126.83
12,2000,61.508
12,2001,63.017
12,2002,68.148
12,2003,71.984
12,2004,73.377
12,2005,77.474
12,2006,80.759
12,2007,84.88
12,2008,88.129
12,2009,94.441
12,2010,95.535
12,2011,102.79
12,2012,112.186
12,2013,115.657
12,2014,123.205
12,2015,130.426
12,2016,127.64
13,2000,390.899
13,2001,394.886
13,2002,402.88
13,2003,422.882
13,2004,433.96
13,2005,452.663
13,2006,467.78
13,2007,477.825
13,2008,476.212
13,2009,468.521
13,2010,483.786
13,2011,501.982
13,2012,506.008
13,2013,497.34
13,2014,483.733
13,2015,496.019
13,2016,500.546
14,2000,32.886
14,2001,33.755
14,2002,32.917
14,2003,30.773
14,2004,32.739
14,2005,34.478
14,2006,35.583
14,2007,35.932
14,2008,35.215
14,2009,36.889
14,2010,40.811
14,2011,46.104
14,2012,50.1
14,2013,53.942
14,2014,57.685
14,2015,62.702
14,2016,64.855
15,2000,250.685
15,2001,268.936
15,2002,280.442
15,2003,290.025
15,2004,307.997
15,2005,333.696
15,2006,347.741
15,2007,362.875
15,2008,379.642
15,2009,393.078
15,2010,404.731
15,2011,406.9
15,2012,434.912
15,2013,441.615
15,2014,456.589
15,2015,468.477
15,2016,475.068
17,2000,10.237
17,2001,10.564
17,2002,11.059
17,2003,13.127
17,2004,13.956
17,2005,12.941
17,2006,15.577
17,2007,18.347
17,2008,21.18
17,2009,24.058
17,2010,26.536
17,2011,28.419
17,2012,28.617
17,2013,32.829
17,2014,35.877
17,2015,34.412
17,2016,33.646
18,2000,286.464
18,2001,322.789
18,2002,332.981
18,2003,354.425
18,2004,381.616
18,2005,379.085
18,2006,380.572
18,2007,398.423
18,2008,430.625
18,2009,407.368
18,2010,413.225
18,2011,400.135
18,2012,420.026
18,2013,430.246
18,2014,445.102
18,2015,420.992
18,2016,425.383
19,2000,7435.21
19,2001,7405.96
19,2002,7256.122
19,2003,7365.141
19,2004,7497.507
19,2005,7566.559
19,2006,7488.895
19,2007,7650.71
19,2008,7522.37
19,2009,7068.718
19,2010,7410.513
19,2011,7231.842
19,2012,7069.347
19,2013,7235.164
19,2014,7260.978
19,2015,7122.389
19,2016,7003.386
21,2000,6246.134
21,2001,6210.748
21,2002,6059.923
21,2003,6145.012
21,2004,6214.959
21,2005,6243.257
21,2006,6133.167
21,2007,6248.61
21,2008,6054.491
21,2009,5635.179
21,2010,5881.587
21,2011,5665.451
21,2012,5437.273
21,2013,5580.974
21,2014,5590.577
21,2015,5461.387
21,2016,5373.847
24,2000,4.633
24,2001,5.033
24,2002,5.503
24,2003,7.065
24,2004,7.716
24,2005,6.147
24,2006,8.253
24,2007,9.651
24,2008,11.817
24,2009,13.872
24,2010,15.133
24,2011,16.135
24,2012,16.034
24,2013,18.155
24,2014,19.311
24,2015,19.786
24,2016,19.552
29,2000,71.848
29,2001,73.038
29,2002,75.016
29,2003,74.674
29,2004,73.939
29,2005,78.229
29,2006,82.988
29,2007,87.255
29,2008,83.958
29,2009,80.034
29,2010,84.282
29,2011,84.143
29,2012,83.512
29,2013,82.984
29,2014,83.399
29,2015,84.848
29,2016,81.383
30,2000,4775.582
30,2001,4939.798
30,2002,5224.124
30,2003,5794.128
30,2004,6481.389
30,2005,7155.503
30,2006,7700.543
30,2007,8255.761
30,2008,8392.086
30,2009,8795.376
30,2010,9552.157
30,2011,10394.303
30,2012,10691.345
30,2013,11080.74
30,2014,10967.457
30,2015,10920.852
30,2016,10881.219
31,2000,27.306
31,2001,25.834
31,2002,25.515
31,2003,27.832
31,2004,27.405
31,2005,29.018
31,2006,29.396
31,2007,26.696
31,2008,28.811
31,2009,24.522
31,2010,23.532
31,2011,26.45
31,2012,28.895
31,2013,29.462
31,2014,30.794
31,2015,30.806
31,2016,31.409
32,2000,139.356
32,2001,128.859
32,2002,121.645
32,2003,130.844
32,2004,146.575
32,2005,149.476
32,2006,158.757
32,2007,165.613
32,2008,176.705
32,2009,168.916
32,2010,173.769
32,2011,181.236
32,2012,185.783
32,2013,181.004
32,2014,184.764
32,2015,190.385
32,2016,190.581
34,2000,1325.943
34,2001,1360.583
34,2002,1410.643
34,2003,1448.296
34,2004,1565.469
34,2005,1653.249
34,2006,1767.169
34,2007,1926.282
34,2008,2008.581
34,2009,2195.143
34,2010,2275.285
34,2011,2376.247
34,2012,2524.383
34,2013,2599.933
34,2014,2799.46
34,2015,2826.282
34,2016,2896.322
35,2000,697.006
35,2001,732.339
35,2002,759.875
35,2003,808.022
35,2004,861.945
35,2005,886.1
35,2006,914.115
35,2007,968.353
35,2008,993.503
35,2009,992.284
35,2010,1054.13
35,2011,1090.512
35,2012,1145.716
35,2013,1191.447
35,2014,1247.869
35,2015,1294.692
35,2016,1335.825
36,2000,334.645
36,2001,340.982
36,2002,348.963
36,2003,352.807
36,2004,366.605
36,2005,371.867
36,2006,377.309
36,2007,387.404
36,2008,389.925
36,2009,395.971
36,2010,389.061
36,2011,387.083
36,2012,386.549
36,2013,382.557
36,2014,373.334
36,2015,379.252
36,2016,392.366
39,2000,946.363
39,2001,953.622
39,2002,987.674
39,2003,1016.092
39,2004,1047.783
39,2005,1065.173
39,2006,1047.648
39,2007,1055.692
39,2008,1009.97
39,2009,920.029
39,2010,902.876
39,2011,903.771
39,2012,865.126
39,2013,798.963
39,2014,761.536
39,2015,795.86
39,2016,786.332
40,2000,61.82
40,2001,66.191
40,2002,67.632
40,2003,72.708
40,2004,74.006
40,2005,74.325
40,2006,71.833
40,2007,69.366
40,2008,69.129
40,2009,62.82
40,2010,68.278
40,2011,66.737
40,2012,64.105
40,2013,64.77
40,2014,61.237
40,2015,62.508
40,2016,62.88
48,2000,15.843
48,2001,16.354
48,2002,17.197
48,2003,17.907
48,2004,17.789
48,2005,20.565
48,2006,22.355
48,2007,22.867
48,2008,24.616
48,2009,24.478
48,2010,25.552
48,2011,25.574
48,2012,26.101
48,2013,28.293
48,2014,29.695
48,2015,30.073
48,2016,29.639
50,2000,20.946
50,2001,24.844
50,2002,26.55
50,2003,27.795
50,2004,29.742
50,2005,31.96
50,2006,35.203
50,2007,37.31
50,2008,40.882
50,2009,44.051
50,2010,49.899
50,2011,53.297
50,2012,57.319
50,2013,59.836
50,2014,63.047
50,2015,70.895
50,2016,73.334
51,2000,3.422
51,2001,3.459
51,2002,2.907
51,2003,3.275
51,2004,3.466
51,2005,4.13
51,2006,4.151
51,2007,4.798
51,2008,5.273
51,2009,4.269
51,2010,4.048
51,2011,4.673
51,2012,5.439
51,2013,5.244
51,2014,5.22
51,2015,4.699
51,2016,4.871
53,2000,363.627
53,2001,372.165
53,2002,380.05
53,2003,385.783
53,2004,399.048
53,2005,405.582
53,2006,411.077
53,2007,420.02
53,2008,423.384
53,2009,426.441
53,2010,419.447
53,2011,416.772
53,2012,417.774
53,2013,413.524
53,2014,404.587
53,2015,410.493
53,2016,422.819
56,2000,113.773
56,2001,115.078
56,2002,107.597
56,2003,112.44
56,2004,111.062
56,2005,107.387
56,2006,105.441
56,2007,101.798
56,2008,103.705
56,2009,96.761
56,2010,103.665
56,2011,92.792
56,2012,92.308
56,2013,93.556
56,2014,87.378
56,2015,92.65
56,2016,91.559
62,2000,1595.231
62,2001,1629.082
62,2002,1696.476
62,2003,1749.625
62,2004,1878.232
62,2005,1972.655
62,2006,2106.238
62,2007,2288.317
62,2008,2415.076
62,2009,2556.448
62,2010,2659.249
62,2011,2788.847
62,2012,2943.009
62,2013,3023.268
62,2014,3207.77
62,2015,3223.134
62,2016,3294.642
68,2000,7.107
68,2001,6.813
68,2002,7.152
68,2003,7.826
68,2004,8.527
68,2005,9.071
68,2006,9.874
68,2007,10.79
68,2008,11.746
68,2009,12.401
68,2010,13.711
68,2011,14.946
68,2012,16.733
68,2013,16.91
68,2014,18.304
68,2015,18.19
68,2016,20.193
70,2000,13.718
70,2001,13.501
70,2002,14.219
70,2003,14.546
70,2004,15.187
70,2005,15.858
70,2006,17.462
70,2007,18.415
70,2008,20.24
70,2009,20.204
70,2010,20.483
70,2011,23.401
70,2012,21.645
70,2013,21.51
70,2014,19.113
70,2015,19.241
70,2016,21.959
72,2000,4.034
72,2001,3.866
72,2002,4.027
72,2003,3.915
72,2004,3.97
72,2005,4.279
72,2006,4.087
72,2007,4.32
72,2008,4.393
72,2009,4.09
72,2010,3.271
72,2011,3.884
72,2012,4.986
72,2013,5.416
72,2014,6.986
72,2015,7.069
72,2016,6.954
76,2000,292.402
76,2001,298.972
76,2002,298.265
76,2003,292.507
76,2004,309.85
76,2005,310.587
76,2006,314.082
76,2007,329.654
76,2008,347.945
76,2009,324.436
76,2010,370.615
76,2011,389.716
76,2012,422.45
76,2013,451.514
76,2014,475.626
76,2015,451.497
76,2016,416.693
96,2000,4.426
96,2001,4.311
96,2002,4.361
96,2003,5.249
96,2004,4.92
96,2005,4.823
96,2006,7.216
96,2007,6.844
96,2008,7.223
96,2009,7.434
96,2010,6.862
96,2011,7.013
96,2012,6.97
96,2013,6.854
96,2014,6.697
96,2015,5.978
96,2016,6.32
100,2000,42.167
100,2001,45.002
100,2002,42.461
100,2003,46.706
100,2004,45.774
100,2005,46.473
100,2006,47.623
100,2007,50.959
100,2008,48.5
100,2009,42.373
100,2010,44.362
100,2011,49.166
100,2012,44.415
100,2013,39.296
100,2014,41.576
100,2015,43.748
100,2016,40.513
104,2000,9.282
104,2001,8.2
104,2002,8.082
104,2003,10.259
104,2004,9.921
104,2005,10.477
104,2006,9.715
104,2007,10.117
104,2008,7.608
104,2009,7.214
104,2010,7.906
104,2011,8.102
104,2012,11.447
104,2013,13.168
104,2014,16.538
104,2015,18.671
104,2016,21.089
112,2000,52.128
112,2001,50.92
112,2002,50.793
112,2003,51.384
112,2004,54.475
112,2005,55.023
112,2006,57.249
112,2007,55.737
112,2008,58.453
112,2009,55.325
112,2010,59.535
112,2011,56.423
112,2012,57.633
112,2013,57.599
112,2014,56.836
112,2015,52.659
112,2016,53.097
116,2000,1.963
116,2001,2.153
116,2002,2.211
116,2003,2.378
116,2004,2.378
116,2005,2.639
116,2006,2.945
116,2007,3.571
116,2008,3.65
116,2009,4.37
116,2010,4.622
116,2011,4.845
116,2012,5.054
116,2013,5.171
116,2014,6.098
116,2015,8.012
116,2016,9.287
120,2000,2.788
120,2001,2.707
120,2002,2.896
120,2003,2.983
120,2004,3.014
120,2005,2.936
120,2006,3.106
120,2007,4.118
120,2008,4.269
120,2009,4.81
120,2010,5.051
120,2011,4.874
120,2012,4.962
120,2013,5.387
120,2014,6.027
120,2015,5.945
120,2016,6.113
124,2000,516.259
124,2001,508.579
124,2002,514.445
124,2003,534.262
124,2004,526.181
124,2005,540.036
124,2006,530.718
124,2007,561.894
124,2008,541.978
124,2009,514.489
124,2010,529.467
124,2011,537.273
124,2012,534.263
124,2013,542.45
124,2014,544.013
124,2015,541.766
124,2016,540.766
135,2000,304.648
135,2001,301.174
135,2002,317.075
135,2003,335.457
135,2004,346.838
135,2005,356.62
135,2006,377.142
135,2007,398.982
135,2008,445.247
135,2009,395.388
135,2010,416.54
135,2011,449.676
135,2012,459.569
135,2013,464.726
135,2014,452.044
135,2015,440.74
135,2016,443.41
142,2000,7932.963
142,2001,8184.783
142,2002,8600.078
142,2003,9302.986
142,2004,10213.371
142,2005,11063.961
142,2006,11838.38
142,2007,12689.749
142,2008,13053
142,2009,13639.245
142,2010,14635.739
142,2011,15701.111
142,2012,16287.383
142,2013,16817.619
142,2014,17011.782
142,2015,17066.127
142,2016,17168.908
143,2000,269.288
143,2001,268.5
143,2002,285.833
143,2003,301.329
143,2004,312.763
143,2005,319.406
143,2006,339.069
143,2007,362.036
143,2008,406.495
143,2009,361.305
143,2010,383.965
143,2011,412.6
143,2012,418.626
143,2013,423.335
143,2014,408.311
143,2015,396.852
143,2016,398.32
144,2000,10.523
144,2001,10.403
144,2002,10.978
144,2003,11.949
144,2004,12.314
144,2005,13.393
144,2006,11.78
144,2007,12.937
144,2008,12.123
144,2009,11.566
144,2010,12.409
144,2011,14.673
144,2012,16.068
144,2013,13.741
144,2014,16.88
144,2015,19.49
144,2016,20.899
145,2000,865.144
145,2001,883.564
145,2002,919.604
145,2003,951.21
145,2004,991.804
145,2005,1049.704
145,2006,1117.484
145,2007,1177.318
145,2008,1252.335
145,2009,1295.136
145,2010,1370.203
145,2011,1427.448
145,2012,1507.314
145,2013,1522.165
145,2014,1588.686
145,2015,1627.448
145,2016,1657.222
150,2000,5752.542
150,2001,5832.627
150,2002,5808.893
150,2003,5974.791
150,2004,5955.624
150,2005,5910.842
150,2006,5987.072
150,2007,5932.066
150,2008,5860.86
150,2009,5413.534
150,2010,5633.272
150,2011,5575.648
150,2012,5475.829
150,2013,5345.504
150,2014,5089.37
150,2015,5067.985
150,2016,5039.492
151,2000,2457.533
151,2001,2468.862
151,2002,2448.884
151,2003,2531.13
151,2004,2501.871
151,2005,2480.681
151,2006,2561.01
151,2007,2562
151,2008,2559.112
151,2009,2353.123
151,2010,2483.822
151,2011,2570.424
151,2012,2490.102
151,2013,2417.722
151,2014,2342.369
151,2015,2281.915
151,2016,2274.194
152,2000,48.624
152,2001,46.674
152,2002,47.427
152,2003,48.617
152,2004,53.349
152,2005,54.435
152,2006,55.677
152,2007,63.075
152,2008,66.533
152,2009,64.213
152,2010,68.605
152,2011,75.317
152,2012,77.236
152,2013,81.862
152,2014,75.47
152,2015,81.154
152,2016,85.29
154,2000,784.406
154,2001,810.511
154,2002,798.526
154,2003,830.452
154,2004,820.721
154,2005,802.063
154,2006,821.575
154,2007,806.156
154,2008,775.478
154,2009,712.276
154,2010,750.77
154,2011,688.788
154,2012,695.196
154,2013,681.872
154,2014,632.345
154,2015,610.951
154,2016,596.496
155,2000,1564.24
155,2001,1599.632
155,2002,1573.808
155,2003,1597.117
155,2004,1585.249
155,2005,1562.926
155,2006,1556.84
155,2007,1508.218
155,2008,1516.3
155,2009,1428.106
155,2010,1495.804
155,2011,1412.664
155,2012,1425.405
155,2013,1446.946
155,2014,1353.12
155,2015,1379.259
155,2016,1382.471
156,2000,3099.685
156,2001,3255.951
156,2002,3511.728
156,2003,4068.095
156,2004,4741.831
156,2005,5406.473
156,2006,5960.358
156,2007,6471.236
156,2008,6667.084
156,2009,7128.371
156,2010,7791.614
156,2011,8565.987
156,2012,8814.485
156,2013,9190.74
156,2014,9125.139
156,2015,9102.685
156,2016,9056.8
170,2000,54.176
170,2001,54.643
170,2002,52.522
170,2003,51.851
170,2004,51.983
170,2005,53.585
170,2006,53.659
170,2007,54.769
170,2008,55.631
170,2009,59.044
170,2010,60.224
170,2011,65.41
170,2012,65.231
170,2013,75.36
170,2014,78.593
170,2015,78.347
170,2016,85.873
178,2000,0.498
178,2001,0.635
178,2002,0.504
178,2003,0.752
178,2004,0.781
178,2005,0.844
178,2006,1.022
178,2007,1.097
178,2008,1.372
178,2009,1.569
178,2010,1.833
178,2011,2.094
178,2012,2.229
178,2013,2.537
178,2014,2.64
178,2015,2.703
178,2016,2.65
180,2000,0.853
180,2001,0.713
180,2002,0.771
180,2003,0.938
180,2004,1.013
180,2005,1.282
180,2006,1.393
180,2007,1.543
180,2008,1.716
180,2009,1.737
180,2010,1.869
180,2011,2.345
180,2012,2.271
180,2013,3.476
180,2014,4.657
180,2015,2.735
180,2016,1.979
188,2000,4.499
188,2001,4.913
188,2002,5.024
188,2003,5.324
188,2004,5.313
188,2005,5.438
188,2006,5.971
188,2007,6.677
188,2008,6.679
188,2009,6.363
188,2010,6.615
188,2011,6.767
188,2012,6.841
188,2013,7.232
188,2014,7.266
188,2015,6.933
188,2016,7.48
191,2000,16.783
191,2001,17.754
191,2002,18.855
191,2003,20.181
191,2004,19.605
191,2005,19.916
191,2006,19.976
191,2007,21.222
191,2008,20.166
191,2009,19.065
191,2010,18.248
191,2011,17.951
191,2012,16.419
191,2013,15.902
191,2014,15.117
191,2015,15.513
191,2016,15.858
192,2000,27.344
192,2001,26.466
192,2002,25.241
192,2003,24.503
192,2004,24.224
192,2005,25.051
192,2006,25.442
192,2007,26.313
192,2008,25.469
192,2009,26.297
192,2010,29.509
192,2011,27.812
192,2012,28.089
192,2013,26.648
192,2014,26.208
192,2015,26.845
192,2016,23.278
196,2000,6.305
196,2001,6.189
196,2002,6.343
196,2003,7.018
196,2004,6.907
196,2005,7.048
196,2006,7.114
196,2007,7.425
196,2008,7.579
196,2009,7.502
196,2010,7.261
196,2011,7.001
196,2012,6.516
196,2013,5.63
196,2014,5.777
196,2015,5.901
196,2016,6.269
199,2000,88.28
199,2001,96.09
199,2002,100.664
199,2003,110.895
199,2004,118.854
199,2005,124.616
199,2006,132.78
199,2007,140.837
199,2008,150.195
199,2009,162.861
199,2010,175.212
199,2011,185.904
199,2012,204.842
199,2013,223.872
199,2014,227.96
199,2015,242.217
199,2016,269.03
202,2000,407.567
202,2001,452.217
202,2002,465.497
202,2003,489.94
202,2004,521.125
202,2005,523.655
202,2006,525.765
202,2007,546.64
202,2008,588.743
202,2009,564.012
202,2010,590.641
202,2011,592.876
202,2012,623.204
202,2013,662.834
202,2014,693.579
202,2015,672.538
202,2016,682.54
203,2000,121.23
203,2001,121.092
203,2002,117.125
203,2003,121.281
203,2004,121.811
203,2005,118.37
203,2006,118.85
203,2007,121.582
203,2008,116.364
203,2009,109.643
203,2010,112.569
203,2011,109.466
203,2012,105.899
203,2013,101.631
203,2014,98.529
203,2015,99.65
203,2016,101.399
204,2000,1.425
204,2001,1.735
204,2002,2.02
204,2003,2.277
204,2004,2.434
204,2005,2.678
204,2006,3.246
204,2007,3.786
204,2008,3.836
204,2009,4.194
204,2010,4.573
204,2011,4.438
204,2012,4.214
204,2013,4.449
204,2014,4.784
204,2015,5.297
204,2016,5.695
208,2000,50.797
208,2001,52.374
208,2002,52.089
208,2003,57.489
208,2004,51.848
208,2005,48.495
208,2006,56.404
208,2007,51.64
208,2008,48.66
208,2009,46.925
208,2010,47.254
208,2011,42.056
208,2012,36.858
208,2013,38.628
208,2014,34.441
208,2015,31.956
208,2016,33.456
214,2000,17.601
214,2001,17.811
214,2002,19.592
214,2003,17.507
214,2004,16.151
214,2005,17.399
214,2006,18.456
214,2007,18.826
214,2008,18.773
214,2009,18.009
214,2010,19.022
214,2011,19.242
214,2012,19.951
214,2013,19.599
214,2014,19.449
214,2015,21.469
214,2016,22.37
218,2000,18.138
218,2001,19.291
218,2002,19.809
218,2003,19.595
218,2004,22.214
218,2005,23.927
218,2006,25.424
218,2007,26.096
218,2008,26.159
218,2009,28.776
218,2010,32.056
218,2011,32.136
218,2012,33.507
218,2013,35.17
218,2014,37.955
218,2015,36.756
218,2016,35.018
222,2000,5.175
222,2001,5.512
222,2002,5.535
222,2003,5.911
222,2004,5.931
222,2005,6.253
222,2006,6.524
222,2007,6.923
222,2008,6.143
222,2009,6.036
222,2010,5.826
222,2011,6.013
222,2012,6.017
222,2013,5.731
222,2014,5.946
222,2015,6.465
222,2016,6.759
231,2000,3.201
231,2001,4.039
231,2002,4.21
231,2003,4.571
231,2004,4.804
231,2005,4.492
231,2006,4.805
231,2007,5.538
231,2008,6.267
231,2009,6.385
231,2010,5.985
231,2011,6.886
231,2012,7.287
231,2013,8.514
231,2014,10.132
231,2015,10.2
231,2016,10.929
232,2000,0.615
232,2001,0.675
232,2002,0.658
232,2003,0.667
232,2004,0.661
232,2005,0.578
232,2006,0.502
232,2007,0.492
232,2008,0.426
232,2009,0.447
232,2010,0.48
232,2011,0.514
232,2012,0.549
232,2013,0.562
232,2014,0.587
232,2015,0.612
232,2016,0.631
233,2000,14.448
233,2001,14.908
233,2002,14.505
233,2003,16.49
233,2004,16.544
233,2005,16.743
233,2006,15.465
233,2007,19.248
233,2008,17.679
233,2009,14.694
233,2010,18.564
233,2011,17.627
233,2012,16.364
233,2013,18.775
233,2014,17.393
233,2015,15.112
233,2016,16.37
246,2000,54.593
246,2001,60.585
246,2002,62.955
246,2003,71.241
246,2004,67.154
246,2005,54.918
246,2006,66.451
246,2007,64.497
246,2008,56.044
246,2009,53.796
246,2010,61.994
246,2011,54.559
246,2012,48.905
246,2013,49.528
246,2014,45.498
246,2015,42.428
246,2016,45.522
250,2000,364.675
250,2001,368.205
250,2002,362.524
250,2003,368.283
250,2004,369.081
250,2005,371.893
250,2006,362.611
250,2007,354.326
250,2008,350.083
250,2009,336.751
250,2010,341.032
250,2011,313.972
250,2012,317.133
250,2013,317.535
250,2014,285.535
250,2015,292.162
250,2016,292.922
266,2000,1.465
266,2001,1.477
266,2002,1.385
266,2003,1.389
266,2004,1.431
266,2005,1.733
266,2006,1.802
266,2007,1.938
266,2008,2.006
266,2009,2.07
266,2010,2.65
266,2011,2.972
266,2012,3.121
266,2013,3.274
266,2014,3.242
266,2015,3.243
266,2016,3.351
268,2000,4.633
268,2001,3.382
268,2002,2.82
268,2003,3.02
268,2004,3.205
268,2005,4.066
268,2006,4.526
268,2007,5.453
268,2008,4.667
268,2009,5.292
268,2010,4.995
268,2011,5.954
268,2012,6.61
268,2013,6.685
268,2014,7.72
268,2015,8.383
268,2016,8.81
276,2000,812.312
276,2001,831.479
276,2002,817.902
276,2003,820.732
276,2004,804.673
276,2005,786.664
276,2006,799.17
276,2007,766.722
276,2008,775.187
276,2009,720.205
276,2010,758.803
276,2011,731.225
276,2012,744.674
276,2013,763.769
276,2014,723.177
276,2015,729.684
276,2016,731.623
288,2000,4.98
288,2001,5.481
288,2002,6.69
288,2003,6.409
288,2004,5.919
288,2005,6.398
288,2006,7.753
288,2007,8.392
288,2008,7.763
288,2009,9.25
288,2010,10.45
288,2011,10.818
288,2012,12.775
288,2013,13.652
288,2014,13.226
288,2015,14.056
288,2016,12.776
292,2000,0.34
292,2001,0.349
292,2002,0.356
292,2003,0.362
292,2004,0.393
292,2005,0.406
292,2006,0.424
292,2007,0.421
292,2008,0.43
292,2009,0.471
292,2010,0.474
292,2011,0.459
292,2012,0.468
292,2013,0.499
292,2014,0.537
292,2015,0.59
292,2016,0.646
300,2000,87.924
300,2001,90.042
300,2002,90.283
300,2003,93.849
300,2004,93.481
300,2005,95.156
300,2006,94.104
300,2007,97.903
300,2008,94.352
300,2009,90.158
300,2010,83.369
300,2011,82.117
300,2012,76.986
300,2013,68.845
300,2014,65.727
300,2015,64.543
300,2016,63.077
320,2000,8.582
320,2001,8.99
320,2002,9.653
320,2003,9.642
320,2004,10.237
320,2005,10.622
320,2006,10.631
320,2007,11.476
320,2008,10.252
320,2009,11.232
320,2010,10.266
320,2011,10.565
320,2012,10.959
320,2013,11.831
320,2014,12.702
320,2015,15.155
320,2016,16.252
332,2000,1.384
332,2001,1.514
332,2002,1.732
332,2003,1.642
332,2004,1.89
332,2005,1.981
332,2006,2.025
332,2007,2.317
332,2008,2.317
332,2009,2.239
332,2010,2.095
332,2011,2.14
332,2012,2.082
332,2013,2.166
332,2014,2.763
332,2015,3.209
332,2016,3.25
340,2000,4.488
340,2001,5.291
340,2002,5.62
340,2003,6.246
340,2004,7.036
340,2005,7.161
340,2006,6.399
340,2007,8.118
340,2008,7.878
340,2009,7.522
340,2010,7.497
340,2011,8.21
340,2012,8.535
340,2013,8.754
340,2014,8.445
340,2015,9.237
340,2016,9.13
344,2000,40.347
344,2001,41.45
344,2002,40.123
344,2003,42.819
344,2004,40.911
344,2005,41.332
344,2006,42.321
344,2007,44.032
344,2008,42.858
344,2009,46.247
344,2010,41.997
344,2011,45.649
344,2012,45.099
344,2013,46.051
344,2014,47.914
344,2015,43.917
344,2016,44.729
348,2000,53.28
348,2001,54.923
348,2002,54.174
348,2003,56.775
348,2004,55.061
348,2005,54.722
348,2006,54.162
348,2007,52.522
348,2008,51.753
348,2009,46.866
348,2010,47.145
348,2011,46.344
348,2012,42.749
348,2013,40.247
348,2014,40.059
348,2015,42.708
348,2016,43.924
352,2000,2.161
352,2001,2.106
352,2002,2.206
352,2003,2.194
352,2004,2.27
352,2005,2.235
352,2006,2.273
352,2007,2.32
352,2008,2.122
352,2009,2.08
352,2010,1.949
352,2011,1.869
352,2012,1.86
352,2013,2.032
352,2014,2.048
352,2015,2.057
352,2016,2.065
356,2000,884.724
356,2001,899.11
356,2002,929.343
356,2003,947.584
356,2004,1022.028
356,2005,1072.057
356,2006,1143.893
356,2007,1256.96
356,2008,1334.824
356,2009,1498.026
356,2010,1580.624
356,2011,1664.996
356,2012,1800.97
356,2013,1851.876
356,2014,2015.292
356,2015,2026.106
356,2016,2076.833
360,2000,255.411
360,2001,274.46
360,2002,280.09
360,2003,308.794
360,2004,316.044
360,2005,318.634
360,2006,340.16
360,2007,356.192
360,2008,350.338
360,2009,362.398
360,2010,362.036
360,2011,391.63
360,2012,414.458
360,2013,417.206
360,2014,455.604
360,2015,454.622
360,2016,454.893
364,2000,312.265
364,2001,327.351
364,2002,343.057
364,2003,357.394
364,2004,385.876
364,2005,417.781
364,2006,449.26
364,2007,480.065
364,2008,487.344
364,2009,504.287
364,2010,498.608
364,2011,507.802
364,2012,512.345
364,2013,535.98
364,2014,556.684
364,2015,553.299
364,2016,563.379
368,2000,70.503
368,2001,80.279
368,2002,75.127
368,2003,69.585
368,2004,72.873
368,2005,73.176
368,2006,68.98
368,2007,62.807
368,2008,72.741
368,2009,92.22
368,2010,103.932
368,2011,110.524
368,2012,126.59
368,2013,135.591
368,2014,140.804
368,2015,130.379
368,2016,139.909
372,2000,40.913
372,2001,43.064
372,2002,42.18
372,2003,42.096
372,2004,42.569
372,2005,44.393
372,2006,45.459
372,2007,44.649
372,2008,44.267
372,2009,39.695
372,2010,39.531
372,2011,35.393
372,2012,35.913
372,2013,34.607
372,2014,34.089
372,2015,35.355
372,2016,36.868
376,2000,54.844
376,2001,56.131
376,2002,59.258
376,2003,61.002
376,2004,61.175
376,2005,58.797
376,2006,62.007
376,2007,64.268
376,2008,64.479
376,2009,63.854
376,2010,68.438
376,2011,67.512
376,2012,73.752
376,2013,65.176
376,2014,62.863
376,2015,64.396
376,2016,63.742
380,2000,420.437
380,2001,420.181
380,2002,427.183
380,2003,445.258
380,2004,454.995
380,2005,456.432
380,2006,449.184
380,2007,441.461
380,2008,428.854
380,2009,383.717
380,2010,391.992
380,2011,384.107
380,2012,366.677
380,2013,337.576
380,2014,319.192
380,2015,329.683
380,2016,325.671
384,2000,6.33
384,2001,6.258
384,2002,6.378
384,2003,5.151
384,2004,5.418
384,2005,5.813
384,2006,5.628
384,2007,5.548
384,2008,6.361
384,2009,5.927
384,2010,6.245
384,2011,6.042
384,2012,7.885
384,2013,8.458
384,2014,8.953
384,2015,9.658
384,2016,10.306
388,2000,9.79
388,2001,9.817
388,2002,9.971
388,2003,10.281
388,2004,10.257
388,2005,10.282
388,2006,11.745
388,2007,11.753
388,2008,9.539
388,2009,7.393
388,2010,6.931
388,2011,7.208
388,2012,6.881
388,2013,7.323
388,2014,7.129
388,2015,6.993
388,2016,7.228
392,2000,1124.721
392,2001,1115.274
392,2002,1157.756
392,2003,1165.651
392,2004,1157.26
392,2005,1163.7
392,2006,1144.287
392,2007,1186.896
392,2008,1110.067
392,2009,1052.212
392,2010,1104.198
392,2011,1158.675
392,2012,1203.279
392,2013,1226.029
392,2014,1185.129
392,2015,1152.558
392,2016,1147.128
398,2000,112.014
398,2001,109.245
398,2002,119.577
398,2003,134.803
398,2004,146.417
398,2005,156.902
398,2006,172.937
398,2007,187.205
398,2008,230.259
398,2009,202.716
398,2010,221.101
398,2011,234.817
398,2012,233.846
398,2013,249.16
398,2014,229.816
398,2015,225.057
398,2016,229.954
400,2000,14.246
400,2001,14.121
400,2002,15.005
400,2003,14.82
400,2004,16.697
400,2005,17.922
400,2006,18.31
400,2007,19.216
400,2008,18.506
400,2009,19.284
400,2010,18.801
400,2011,19.815
400,2012,22.671
400,2013,22.344
400,2014,24.001
400,2015,23.785
400,2016,23.863
404,2000,7.768
404,2001,7.084
404,2002,6.834
404,2003,5.866
404,2004,6.724
404,2005,7.483
404,2006,8.445
404,2007,8.382
404,2008,8.822
404,2009,10.43
404,2010,11.21
404,2011,11.321
404,2012,10.355
404,2013,11.704
404,2014,12.354
404,2015,14.147
404,2016,15.695
408,2000,69.969
408,2001,72.315
408,2002,69.073
408,2003,70.533
408,2004,72.093
408,2005,75.34
408,2006,76.534
408,2007,63.275
408,2008,70.381
408,2009,52.919
408,2010,49.293
408,2011,34.659
408,2012,36.052
408,2013,25.106
408,2014,28.676
408,2015,22.546
408,2016,25.427
410,2000,431.897
410,2001,445.863
410,2002,435.895
410,2003,437.779
410,2004,459.79
410,2005,457.672
410,2006,464.712
410,2007,477.414
410,2008,488.844
410,2009,502.089
410,2010,550.916
410,2011,573.761
410,2012,575.466
410,2013,574.551
410,2014,562.679
410,2015,582.047
410,2016,589.173
414,2000,46.302
414,2001,50.226
414,2002,52.231
414,2003,53.393
414,2004,56.238
414,2005,64.75
414,2006,67.309
414,2007,67.504
414,2008,71.595
414,2009,78.439
414,2010,77.004
414,2011,78.274
414,2012,77.123
414,2013,86.905
414,2014,81.628
414,2015,90.57
414,2016,90.19
417,2000,4.45
417,2001,3.762
417,2002,4.738
417,2003,5.261
417,2004,5.187
417,2005,4.892
417,2006,4.877
417,2007,5.963
417,2008,7.006
417,2009,6.522
417,2010,6.04
417,2011,7.211
417,2012,9.564
417,2013,8.875
417,2014,9.032
417,2015,9.881
417,2016,9.29
419,2000,1189.076
419,2001,1195.212
419,2002,1196.198
419,2003,1220.129
419,2004,1282.549
419,2005,1323.302
419,2006,1355.727
419,2007,1402.1
419,2008,1467.879
419,2009,1433.539
419,2010,1528.925
419,2011,1566.391
419,2012,1632.074
419,2013,1654.191
419,2014,1670.401
419,2015,1661.002
419,2016,1629.539
422,2000,13.995
422,2001,15.153
422,2002,15.101
422,2003,15.051
422,2004,15.199
422,2005,14.461
422,2006,13.664
422,2007,12.013
422,2008,15.774
422,2009,19.28
422,2010,18.206
422,2011,18.507
422,2012,21.012
422,2013,20.642
422,2014,22.376
422,2015,22.762
422,2016,23.198
428,2000,6.841
428,2001,7.247
428,2002,7.235
428,2003,7.464
428,2004,7.48
428,2005,7.581
428,2006,8.031
428,2007,8.36
428,2008,7.938
428,2009,7.186
428,2010,8.088
428,2011,7.339
428,2012,6.996
428,2013,6.913
428,2014,6.725
428,2015,6.846
428,2016,6.8
432,2000,360.351
432,2001,359.702
432,2002,375.291
432,2003,393.662
432,2004,405.226
432,2005,417.779
432,2006,438.485
432,2007,461.861
432,2008,508.925
432,2009,459.762
432,2010,485.982
432,2011,525.776
432,2012,542.916
432,2013,549.459
432,2014,541.719
432,2015,530.089
432,2016,537.857
434,2000,36.758
434,2001,37.784
434,2002,39.817
434,2003,41.519
434,2004,42.418
434,2005,42.99
434,2006,41.79
434,2007,38.795
434,2008,42.025
434,2009,45.199
434,2010,48.07
434,2011,34.386
434,2012,44.245
434,2013,48.207
434,2014,47.913
434,2015,41.939
434,2016,43.282
440,2000,10.222
440,2001,10.87
440,2002,10.931
440,2003,10.938
440,2004,11.563
440,2005,12.444
440,2006,12.502
440,2007,12.684
440,2008,12.611
440,2009,11.407
440,2010,12.315
440,2011,11.525
440,2012,11.531
440,2013,10.869
440,2014,10.463
440,2015,10.55
440,2016,10.759
442,2000,8.059
442,2001,8.69
442,2002,9.367
442,2003,9.847
442,2004,11.234
442,2005,11.482
442,2006,11.291
442,2007,10.698
442,2008,10.626
442,2009,10.069
442,2010,10.65
442,2011,10.514
442,2012,10.32
442,2013,9.78
442,2014,9.282
442,2015,8.811
442,2016,8.475
458,2000,115.059
458,2001,120.446
458,2002,126.5
458,2003,132.793
458,2004,146.573
458,2005,155.843
458,2006,161.805
458,2007,178.056
458,2008,190.31
458,2009,169.81
458,2010,189.861
458,2011,191.492
458,2012,192.983
458,2013,209.077
458,2014,220.553
458,2015,220.438
458,2016,216.153
470,2000,2.129
470,2001,2.489
470,2002,2.318
470,2003,2.608
470,2004,2.598
470,2005,2.622
470,2006,2.646
470,2007,2.711
470,2008,2.719
470,2009,2.505
470,2010,2.581
470,2011,2.567
470,2012,2.71
470,2013,2.372
470,2014,2.354
470,2015,1.646
470,2016,1.354
480,2000,2.432
480,2001,2.566
480,2002,2.613
480,2003,2.749
480,2004,2.77
480,2005,2.962
480,2006,3.304
480,2007,3.395
480,2008,3.467
480,2009,3.423
480,2010,3.662
480,2011,3.639
480,2012,3.735
480,2013,3.828
480,2014,3.959
480,2015,3.968
480,2016,4.036
484,2000,359.736
484,2001,360.6
484,2002,368.116
484,2003,386.602
484,2004,396.046
484,2005,412.385
484,2006,426.86
484,2007,433.369
484,2008,434.539
484,2009,425.194
484,2010,440.46
484,2011,456.46
484,2012,459.456
484,2013,449.627
484,2014,434.204
484,2015,442.417
484,2016,445.466
485,2000,768.634
485,2001,788.57
485,2002,822.76
485,2003,849.063
485,2004,889.647
485,2005,946.645
485,2006,1010.289
485,2007,1068.677
485,2008,1141.525
485,2009,1189.696
485,2010,1261.928
485,2011,1315.858
485,2012,1386.103
485,2013,1409.967
485,2014,1476.313
485,2015,1513.264
485,2016,1542.121
496,2000,8.962
496,2001,8.945
496,2002,9.549
496,2003,9.251
496,2004,9.506
496,2005,10.985
496,2006,12.331
496,2007,12.909
496,2008,12.851
496,2009,13.539
496,2010,14.14
496,2011,15.572
496,2012,16.962
496,2013,18.262
496,2014,17.92
496,2015,17.1
496,2016,17.962
498,2000,6.537
498,2001,6.844
498,2002,6.963
498,2003,7.52
498,2004,7.493
498,2005,7.81
498,2006,7.516
498,2007,7.377
498,2008,7.336
498,2009,7.271
498,2010,7.908
498,2011,7.883
498,2012,7.699
498,2013,6.704
498,2014,7.248
498,2015,7.58
498,2016,7.713
499,2005,2.005
499,2006,2.179
499,2007,2.098
499,2008,2.693
499,2009,1.747
499,2010,2.584
499,2011,2.536
499,2012,2.332
499,2013,2.267
499,2014,2.218
499,2015,2.358
499,2016,2.113
504,2000,29.551
504,2001,32.194
504,2002,33.338
504,2003,33.067
504,2004,36.598
504,2005,39.216
504,2006,40.525
504,2007,41.35
504,2008,43.178
504,2009,43.155
504,2010,46.397
504,2011,50.752
504,2012,52.238
504,2013,51.519
504,2014,53.521
504,2015,55.371
504,2016,55.3
508,2000,1.318
508,2001,1.305
508,2002,1.374
508,2003,1.665
508,2004,1.691
508,2005,1.515
508,2006,1.623
508,2007,1.973
508,2008,1.952
508,2009,2.214
508,2010,2.377
508,2011,2.824
508,2012,2.622
508,2013,2.955
508,2014,4.018
508,2015,5.058
508,2016,7.231
512,2000,20.419
512,2001,23.016
512,2002,24.673
512,2003,25.286
512,2004,25.111
512,2005,25.182
512,2006,33.67
512,2007,37.09
512,2008,35.616
512,2009,38.514
512,2010,42.368
512,2011,48.765
512,2012,54.341
512,2013,56.491
512,2014,59.643
512,2015,63.636
512,2016,63.138
513,2000,11998.675
513,2001,12043.375
513,2002,11868.816
513,2003,12119.803
513,2004,12170.582
513,2005,12154.099
513,2006,12120.239
513,2007,12180.676
513,2008,11915.351
513,2009,11048.713
513,2010,11514.859
513,2011,11241.1
513,2012,10913.102
513,2013,10926.478
513,2014,10679.947
513,2015,10529.371
513,2016,10413.34
514,2000,13548.173
514,2001,13593.135
514,2002,13472.224
514,2003,13739.257
514,2004,13794.973
514,2005,13789.226
514,2006,13744.724
514,2007,13859.285
514,2008,13520.859
514,2009,12598.722
514,2010,13114.203
514,2011,12891.06
514,2012,12614.423
514,2013,12636.838
514,2014,12338.303
514,2015,12162.718
514,2016,12053.298
515,2000,8605.765
515,2001,8935.771
515,2002,9331.289
515,2003,10082.779
515,2004,11114.609
515,2005,12030.661
515,2006,12870.171
515,2007,13758.269
515,2008,14324.399
515,2009,14925.503
515,2010,16002.272
515,2011,17061.355
515,2012,17729.994
515,2013,18317.809
515,2014,18605.427
515,2015,18682.118
515,2016,18790.319
516,2000,1.903
516,2001,2.433
516,2002,2.117
516,2003,2.242
516,2004,2.338
516,2005,2.493
516,2006,2.498
516,2007,2.581
516,2008,2.912
516,2009,2.973
516,2010,3.062
516,2011,3.117
516,2012,3.226
516,2013,3.424
516,2014,3.579
516,2015,3.808
516,2016,4.058
518,2000,3650.861
518,2001,3824.524
518,2002,4066.368
518,2003,4628.477
518,2004,5324.13
518,2005,5991.802
518,2006,6556.256
518,2007,7068.866
518,2008,7282.019
518,2009,7743.165
518,2010,8447.959
518,2011,9235.628
518,2012,9488.066
518,2013,9854.711
518,2014,9782.328
518,2015,9768.294
518,2016,9734.091
524,2000,3.1
524,2001,3.35
524,2002,2.671
524,2003,2.905
524,2004,2.697
524,2005,3.074
524,2006,2.501
524,2007,2.578
524,2008,2.882
524,2009,3.427
524,2010,4.122
524,2011,4.405
524,2012,4.972
524,2013,4.945
524,2014,5.949
524,2015,5.694
524,2016,8.5
528,2000,161.617
528,2001,166.59
528,2002,166.904
528,2003,169.919
528,2004,171.659
528,2005,167.168
528,2006,162.865
528,2007,163.648
528,2008,164.457
528,2009,159.675
528,2010,170.119
528,2011,158.191
528,2012,156.199
528,2013,155.871
528,2014,148.643
528,2015,156.121
528,2016,157.073
531,2000,5.621
531,2001,5.658
531,2002,5.412
531,2003,5.425
531,2004,5.666
531,2005,5.975
531,2006,5.877
531,2007,6.386
531,2008,6.324
531,2009,5.925
531,2010,4.375
531,2011,5.494
531,2012,4.459
531,2013,4.295
531,2014,4.611
531,2015,4.676
531,2016,4.148
543,2000,7.27
543,2001,8.183
543,2002,8.551
543,2003,9.462
543,2004,10.241
543,2005,10.603
543,2006,10.647
543,2007,9.635
543,2008,9.59
543,2009,8.805
543,2010,10.258
543,2011,11.76
543,2012,11.294
543,2013,12.071
543,2014,13.748
543,2015,14.749
543,2016,14.999
554,2000,28.982
554,2001,31.183
554,2002,31.088
554,2003,32.976
554,2004,32.443
554,2005,33.715
554,2006,33.768
554,2007,32.616
554,2008,33.459
554,2009,30.47
554,2010,30.386
554,2011,29.689
554,2012,31.224
554,2013,30.967
554,2014,31.254
554,2015,31.241
554,2016,30.454
558,2000,3.542
558,2001,3.711
558,2002,3.832
558,2003,3.953
558,2004,4.106
558,2005,4.032
558,2006,4.246
558,2007,4.363
558,2008,4.191
558,2009,4.167
558,2010,4.277
558,2011,4.469
558,2012,4.436
558,2013,4.292
558,2014,4.581
558,2015,5.128
558,2016,5.303
562,2000,0.648
562,2001,0.647
562,2002,0.672
562,2003,0.736
562,2004,0.77
562,2005,0.733
562,2006,0.726
562,2007,0.8
562,2008,0.839
562,2009,1.065
562,2010,1.356
562,2011,1.377
562,2012,1.863
562,2013,1.777
562,2014,1.964
562,2015,1.986
562,2016,1.945
566,2000,43.766
566,2001,49.224
566,2002,50.854
566,2003,54.066
566,2004,54.019
566,2005,56.558
566,2006,51.356
566,2007,47.716
566,2008,52.945
566,2009,44.126
566,2010,54.917
566,2011,59.637
566,2012,61.068
566,2013,80.392
566,2014,87.687
566,2015,82.734
566,2016,85.994
578,2000,31.879
578,2001,32.889
578,2002,32.504
578,2003,35.07
578,2004,35.594
578,2005,34.5
578,2006,35.462
578,2007,36.038
578,2008,35.306
578,2009,35.683
578,2010,38.386
578,2011,36.887
578,2012,36.081
578,2013,35.951
578,2014,35.73
578,2015,36.071
578,2016,35.519
586,2000,94.385
586,2001,95.524
586,2002,98.043
586,2003,100.67
586,2004,112.813
586,2005,114.984
586,2006,124.532
586,2007,136.431
586,2008,130.525
586,2009,133.785
586,2010,129.623
586,2011,131.074
586,2012,132.709
586,2013,133.556
586,2014,141.607
586,2015,150.797
586,2016,153.378
591,2000,4.878
591,2001,5.87
591,2002,5.099
591,2003,5.203
591,2004,5.291
591,2005,6.773
591,2006,7.15
591,2007,6.898
591,2008,6.528
591,2009,8.009
591,2010,8.843
591,2011,9.498
591,2012,9.764
591,2013,9.874
591,2014,10.588
591,2015,10.683
591,2016,10.156
600,2000,3.282
600,2001,3.415
600,2002,3.59
600,2003,3.713
600,2004,3.766
600,2005,3.47
600,2006,3.599
600,2007,3.731
600,2008,3.946
600,2009,4.098
600,2010,4.659
600,2011,4.871
600,2012,5.044
600,2013,4.936
600,2014,5.189
600,2015,5.682
600,2016,6.407
604,2000,26.403
604,2001,24.337
604,2002,25.525
604,2003,24.876
604,2004,28.768
604,2005,28.633
604,2006,28.032
604,2007,30.924
604,2008,35.21
604,2009,37.747
604,2010,41.104
604,2011,44.238
604,2012,43.503
604,2013,44.293
604,2014,47.476
604,2015,48.813
604,2016,51.332
608,2000,68.131
608,2001,67.878
608,2002,66.846
608,2003,69.029
608,2004,70.527
608,2005,71.502
608,2006,65.547
608,2007,69.022
608,2008,71.179
608,2009,71.468
608,2010,77.128
608,2011,77.755
608,2012,80.408
608,2013,89.65
608,2014,95.714
608,2015,103.891
608,2016,114.752
616,2000,289.591
616,2001,288.64
616,2002,282.611
616,2003,293.13
616,2004,296.745
616,2005,296.261
616,2006,308.078
616,2007,306.295
616,2008,301.597
616,2009,291.472
616,2010,307.493
616,2011,303.188
616,2012,296.941
616,2013,292.407
616,2014,279.259
616,2015,282.697
616,2016,293.127
620,2000,57.852
620,2001,57.757
620,2002,61.695
620,2003,56.908
620,2004,58.125
620,2005,61.386
620,2006,56.445
620,2007,54.632
620,2008,52.832
620,2009,53.077
620,2010,47.561
620,2011,47.055
620,2012,45.67
620,2013,43.741
620,2014,42.835
620,2015,46.995
620,2016,47.374
634,2000,21.258
634,2001,22.477
634,2002,26.559
634,2003,27.859
634,2004,30.867
634,2005,33.212
634,2006,38.464
634,2007,43.997
634,2008,46.922
634,2009,48.041
634,2010,55.483
634,2011,62.456
634,2012,69.526
634,2013,71.181
634,2014,76.585
634,2015,77.637
634,2016,79.071
642,2000,86.222
642,2001,91.341
642,2002,90.898
642,2003,96.974
642,2004,93.734
642,2005,92.633
642,2006,95.286
642,2007,92.382
642,2008,91.071
642,2009,77.431
642,2010,74.725
642,2011,80.859
642,2012,78.578
642,2013,69.186
642,2014,68.368
642,2015,69.472
642,2016,67.889
643,2000,1474.379
643,2001,1474.654
643,2002,1465.836
643,2003,1493.88
643,2004,1488.186
643,2005,1481.879
643,2006,1537.685
643,2007,1533.707
643,2008,1553.821
643,2009,1440.663
643,2010,1529.207
643,2011,1604.722
643,2012,1551.043
643,2013,1513.796
643,2014,1487.115
643,2015,1466.33
643,2016,1438.598
682,2000,234.617
682,2001,238.288
682,2002,255.319
682,2003,266.342
682,2004,282.109
682,2005,298.037
682,2006,316.647
682,2007,333.179
682,2008,364.251
682,2009,379.468
682,2010,419.164
682,2011,434.637
682,2012,463.416
682,2013,471.131
682,2014,506.686
682,2015,531.554
682,2016,527.235
686,2000,3.521
686,2001,3.836
686,2002,3.917
686,2003,3.81
686,2004,4.439
686,2005,4.626
686,2006,4.437
686,2007,4.981
686,2008,5.219
686,2009,5.374
686,2010,5.461
686,2011,5.788
686,2012,5.67
686,2013,6.003
686,2014,6.685
686,2015,7.517
686,2016,8.16
688,2000,42.939
688,2001,45.003
688,2002,48.581
688,2003,52.145
688,2004,56.345
688,2005,49.497
688,2006,51.685
688,2007,50.098
688,2008,48.277
688,2009,45.62
688,2010,45.832
688,2011,49.988
688,2012,44.57
688,2013,45.377
688,2014,38.064
688,2015,44.46
688,2016,45.474
702,2000,42.136
702,2001,42.053
702,2002,41.316
702,2003,38.183
702,2004,39.637
702,2005,37.87
702,2006,38.297
702,2007,39.431
702,2008,39.367
702,2009,40.349
702,2010,44.291
702,2011,46.754
702,2012,45.973
702,2013,46.487
702,2014,45.775
702,2015,44.158
702,2016,45.265
703,2000,36.882
703,2001,37.368
703,2002,36.9
703,2003,37.41
703,2004,36.213
703,2005,37.262
703,2006,36.484
703,2007,35.705
703,2008,35.424
703,2009,32.609
703,2010,34.572
703,2011,32.855
703,2012,31.251
703,2013,31.785
703,2014,29.171
703,2015,29.445
703,2016,30.213
704,2000,44.238
704,2001,48.811
704,2002,57.188
704,2003,60.317
704,2004,73.466
704,2005,79.119
704,2006,81.435
704,2007,89.816
704,2008,100.978
704,2009,111.638
704,2010,126.131
704,2011,125.634
704,2012,124.776
704,2013,130.06
704,2014,143.894
704,2015,168.746
704,2016,187.103
705,2000,14.051
705,2001,14.875
705,2002,15.081
705,2003,14.966
705,2004,15.235
705,2005,15.443
705,2006,15.799
705,2007,15.753
705,2008,16.798
705,2009,15.109
705,2010,15.447
705,2011,15.426
705,2012,14.859
705,2013,14.212
705,2014,12.756
705,2015,12.805
705,2016,13.586
710,2000,280.527
710,2001,316.491
710,2002,326.838
710,2003,348.268
710,2004,375.308
710,2005,372.314
710,2006,373.988
710,2007,391.522
710,2008,423.32
710,2009,400.304
710,2010,406.892
710,2011,393.135
710,2012,411.814
710,2013,421.406
710,2014,434.537
710,2015,410.115
710,2016,414.372
716,2000,13.289
716,2001,13.573
716,2002,12.242
716,2003,10.015
716,2004,9.566
716,2005,10.273
716,2006,9.558
716,2007,9.616
716,2008,7.451
716,2009,7.315
716,2010,9.33
716,2011,11.096
716,2012,11.462
716,2013,11.772
716,2014,11.521
716,2015,11.785
716,2016,10.333
722,2000,117.869
722,2001,119.142
722,2002,120.025
722,2003,116.804
722,2004,117.705
722,2005,120.713
722,2006,126.083
722,2007,131.457
722,2008,128.212
722,2009,125.224
722,2010,133.931
722,2011,136.323
722,2012,135.222
722,2013,135.264
722,2014,135.126
722,2015,135.04
722,2016,132.59
724,2000,278.585
724,2001,279.777
724,2002,297.224
724,2003,302.618
724,2004,319.271
724,2005,333.71
724,2006,325.037
724,2007,337.863
724,2008,309.774
724,2009,276.086
724,2010,262.055
724,2011,264.874
724,2012,260.512
724,2013,235.162
724,2014,232.064
724,2015,247.067
724,2016,238.636
728,2012,1.438
728,2013,1.475
728,2014,1.555
728,2015,2.001
728,2016,1.765
729,2000,5.486
729,2001,6.017
729,2002,7.462
729,2003,7.646
729,2004,8.39
729,2005,9.867
729,2006,12.313
729,2007,13.254
729,2008,14.343
729,2009,14.655
729,2010,14.97
729,2011,14.028
729,2012,13.656
729,2013,13.366
729,2014,13.538
729,2015,15.557
729,2016,18.875
738,2000,413.053
738,2001,458.234
738,2002,472.959
738,2003,497.586
738,2004,529.514
738,2005,533.522
738,2006,538.078
738,2007,559.894
738,2008,603.086
738,2009,578.666
738,2010,605.611
738,2011,606.904
738,2012,636.859
738,2013,676.2
738,2014,707.117
738,2015,688.095
738,2016,701.415
740,2000,1.454
740,2001,1.484
740,2002,1.08
740,2003,1.199
740,2004,1.359
740,2005,1.653
740,2006,1.494
740,2007,1.376
740,2008,1.42
740,2009,1.418
740,2010,1.696
740,2011,1.788
740,2012,2.003
740,2013,1.965
740,2014,1.993
740,2015,2.066
740,2016,1.906
746,2000,245.199
746,2001,262.919
746,2002,272.981
746,2003,282.379
746,2004,299.608
746,2005,323.829
746,2006,335.428
746,2007,349.621
746,2008,365.299
746,2009,378.424
746,2010,389.762
746,2011,392.873
746,2012,421.256
746,2013,428.249
746,2014,443.051
746,2015,452.92
746,2016,456.194
747,2000,1115.829
747,2001,1152.501
747,2002,1200.046
747,2003,1241.235
747,2004,1299.801
747,2005,1383.4
747,2006,1465.225
747,2007,1540.193
747,2008,1631.977
747,2009,1688.214
747,2010,1774.934
747,2011,1834.348
747,2012,1942.226
747,2013,1963.78
747,2014,2045.275
747,2015,2095.925
747,2016,2132.291
752,2000,51.989
752,2001,51.165
752,2002,52.744
752,2003,53.997
752,2004,52.309
752,2005,49.106
752,2006,46.628
752,2007,44.988
752,2008,42.956
752,2009,40.726
752,2010,46.063
752,2011,42.354
752,2012,39.246
752,2013,37.567
752,2014,37.295
752,2015,37.112
752,2016,37.998
753,2000,5472.588
753,2001,5672.137
753,2002,5983.998
753,2003,6602.151
753,2004,7343.335
753,2005,8041.602
753,2006,8614.658
753,2007,9224.115
753,2008,9385.59
753,2009,9787.661
753,2010,10606.286
753,2011,11484.816
753,2012,11837.061
753,2013,12272.187
753,2014,12215.326
753,2015,12215.544
753,2016,12217.044
756,2000,41.985
756,2001,43.398
756,2002,41.883
756,2003,43.188
756,2004,43.534
756,2005,44.007
756,2006,43.629
756,2007,41.66
756,2008,43.113
756,2009,41.826
756,2010,43.258
756,2011,39.234
756,2012,40.666
756,2013,41.666
756,2014,37.869
756,2015,37.323
756,2016,37.939
760,2000,37.028
760,2001,38.907
760,2002,39.815
760,2003,40.036
760,2004,42.492
760,2005,53.466
760,2006,56.694
760,2007,59.617
760,2008,61.363
760,2009,56.683
760,2010,56.594
760,2011,52.148
760,2012,40.266
760,2013,30.805
760,2014,27.153
760,2015,25.962
760,2016,26.093
762,2000,2.177
762,2001,2.116
762,2002,2.085
762,2003,2.094
762,2004,2.502
762,2005,2.347
762,2006,2.549
762,2007,3.115
762,2008,2.948
762,2009,2.31
762,2010,2.303
762,2011,2.418
762,2012,2.892
762,2013,3.007
762,2014,4.022
762,2015,4.212
762,2016,4.772
764,2000,152.285
764,2001,159.994
764,2002,169.402
764,2003,177.112
764,2004,193.81
764,2005,200.204
764,2006,201.676
764,2007,209.446
764,2008,215.179
764,2009,207.212
764,2010,223.419
764,2011,221.78
764,2012,238.972
764,2013,247.459
764,2014,243.898
764,2015,248.098
764,2016,244.559
768,2000,0.949
768,2001,0.781
768,2002,0.852
768,2003,1.09
768,2004,1.03
768,2005,0.963
768,2006,0.887
768,2007,0.893
768,2008,1.096
768,2009,2.276
768,2010,2.076
768,2011,1.887
768,2012,1.625
768,2013,1.688
768,2014,1.78
768,2015,1.868
768,2016,1.954
780,2000,10.108
780,2001,11.773
780,2002,13.068
780,2003,15.317
780,2004,15.75
780,2005,17.542
780,2006,19.441
780,2007,21.66
780,2008,21.536
780,2009,20.171
780,2010,22.351
780,2011,22.246
780,2012,22.05
780,2013,22.953
780,2014,23.24
780,2015,21.657
780,2016,21.11
784,2000,79.851
784,2001,92.546
784,2002,94.565
784,2003,98.794
784,2004,105.022
784,2005,111.145
784,2006,115.049
784,2007,124.187
784,2008,146.52
784,2009,148.543
784,2010,154.59
784,2011,158.154
784,2012,168.505
784,2013,176.752
784,2014,176.42
784,2015,186.576
784,2016,191.805
788,2000,17.638
788,2001,18.508
788,2002,18.526
788,2003,18.341
788,2004,19.046
788,2005,19.473
788,2006,20.164
788,2007,20.978
788,2008,21.058
788,2009,21.139
788,2010,23.294
788,2011,22.245
788,2012,23.474
788,2013,23.645
788,2014,25.036
788,2015,25.615
788,2016,25.167
792,2000,201.222
792,2001,182.686
792,2002,192.605
792,2003,203.147
792,2004,207.401
792,2005,215.893
792,2006,240.255
792,2007,266.198
792,2008,262.367
792,2009,261.279
792,2010,267.846
792,2011,287.199
792,2012,298.433
792,2013,285.183
792,2014,307.172
792,2015,318.974
792,2016,338.763
795,2000,36.666
795,2001,37.906
795,2002,39.734
795,2003,44.234
795,2004,46.599
795,2005,48.103
795,2006,49.212
795,2007,55.833
795,2008,56.461
795,2009,49.959
795,2010,56.92
795,2011,61.796
795,2012,64.094
795,2013,65.505
795,2014,67.017
795,2015,69.105
795,2016,68.972
804,2000,295.116
804,2001,298.078
804,2002,301.124
804,2003,326.071
804,2004,302.379
804,2005,290.246
804,2006,298.078
804,2007,305.735
804,2008,294.792
804,2009,249.469
804,2010,266.304
804,2011,279.519
804,2012,273.893
804,2013,265.072
804,2014,234.207
804,2015,187.626
804,2016,197.719
807,2000,8.522
807,2001,8.671
807,2002,8.129
807,2003,8.829
807,2004,8.543
807,2005,8.917
807,2006,8.913
807,2007,9.34
807,2008,9.125
807,2009,8.502
807,2010,8.32
807,2011,9.149
807,2012,8.793
807,2013,7.854
807,2014,7.437
807,2015,7.134
807,2016,6.909
818,2000,99.745
818,2001,111.416
818,2002,113.151
818,2003,117.468
818,2004,128.169
818,2005,144.676
818,2006,152.19
818,2007,163.618
818,2008,170.909
818,2009,174.489
818,2010,176.465
818,2011,182.7
818,2012,189.112
818,2013,189.222
818,2014,193.376
818,2015,199.568
818,2016,204.805
826,2000,520.563
826,2001,535.303
826,2002,521.177
826,2003,533.472
826,2004,533.391
826,2005,531.649
826,2006,532.9
826,2007,521.733
826,2008,507.897
826,2009,460.084
826,2010,476.626
826,2011,439.179
826,2012,461.442
826,2013,447.003
826,2014,408.663
826,2015,393.462
826,2016,371.139
834,2000,2.61
834,2001,2.766
834,2002,3.154
834,2003,3.296
834,2004,4.572
834,2005,5.055
834,2006,5.387
834,2007,5.202
834,2008,5.321
834,2009,5.101
834,2010,6.131
834,2011,7.838
834,2012,9.934
834,2013,10.28
834,2014,10.371
834,2015,11.619
834,2016,10.59
840,2000,5729.875
840,2001,5702.169
840,2002,5545.478
840,2003,5610.75
840,2004,5688.778
840,2005,5703.22
840,2006,5602.45
840,2007,5686.716
840,2008,5512.513
840,2009,5120.69
840,2010,5352.12
840,2011,5128.178
840,2012,4903.01
840,2013,5038.524
840,2014,5046.565
840,2015,4919.62
840,2016,4833.081
858,2000,5.091
858,2001,4.546
858,2002,4.15
858,2003,4.076
858,2004,5.202
858,2005,5.152
858,2006,6.083
858,2007,5.572
858,2008,7.468
858,2009,7.453
858,2010,5.96
858,2011,7.224
858,2012,8.187
858,2013,7.115
858,2014,6.268
858,2015,6.375
858,2016,6.326
860,2000,113.981
860,2001,115.471
860,2002,119.699
860,2003,114.937
860,2004,112.057
860,2005,107.161
860,2006,109.494
860,2007,109.919
860,2008,109.821
860,2009,99.798
860,2010,97.6
860,2011,106.357
860,2012,108.23
860,2013,96.789
860,2014,98.424
860,2015,88.597
860,2016,85.332
862,2000,116.21
862,2001,123.344
862,2002,122.717
862,2003,122.557
862,2004,127.776
862,2005,137.702
862,2006,133.589
862,2007,129.851
862,2008,159.402
862,2009,160.509
862,2010,171.469
862,2011,145.719
862,2012,164.036
862,2013,152.193
862,2014,151.608
862,2015,140.539
862,2016,127.351
887,2000,13.349
887,2001,14.517
887,2002,14.563
887,2003,16.842
887,2004,17.846
887,2005,18.836
887,2006,18.893
887,2007,20.003
887,2008,21.255
887,2009,23.468
887,2010,22.389
887,2011,19.805
887,2012,18.119
887,2013,24.648
887,2014,24.15
887,2015,11.357
887,2016,9.216
894,2000,1.654
894,2001,1.749
894,2002,1.831
894,2003,1.944
894,2004,1.951
894,2005,2.121
894,2006,1.958
894,2007,1.332
894,2008,1.508
894,2009,1.573
894,2010,1.637
894,2011,1.983
894,2012,2.718
894,2013,2.853
894,2014,3.189
894,2015,3.311
894,2016,3.644
