education_level,geo_area,year,se_gpi_tratea
prepri,20,2006,1
prepri,20,2007,1
prepri,20,2008,1
prepri,20,2009,1
prepri,20,2010,1
prepri,20,2011,1
prepri,20,2012,1
prepri,20,2013,1
prepri,20,2014,1
prepri,20,2015,1
prepri,20,2016,1
prepri,20,2017,1
prepri,24,2010,1.11418
prepri,24,2011,1.10519
prepri,31,2000,1.58309
prepri,31,2003,0.82725
prepri,31,2005,0.93009
prepri,31,2006,0.8986
prepri,31,2007,0.90494
prepri,31,2008,1.15271
prepri,31,2011,1.07811
prepri,31,2012,0.94802
prepri,31,2013,0.6409
prepri,31,2014,0.85123
prepri,31,2015,0.91142
prepri,31,2016,0.87951
prepri,31,2017,0.88404
prepri,44,2000,1.12315
prepri,48,2006,0.58235
prepri,48,2012,0.94283
prepri,48,2014,0.49699
prepri,48,2015,0.51696
prepri,48,2016,3.70258
prepri,48,2017,0.6282
prepri,51,2009,1.96115
prepri,51,2010,5.90965
prepri,51,2011,0.78779
prepri,51,2014,0.78907
prepri,51,2015,0.79984
prepri,51,2016,1.02449
prepri,51,2017,0.81943
prepri,52,2005,2.21155
prepri,52,2007,5.09554
prepri,52,2008,1.4661
prepri,52,2009,2.02286
prepri,52,2010,2.93966
prepri,52,2011,2.22156
prepri,52,2015,1.33573
prepri,52,2016,1.26074
prepri,52,2017,1.47147
prepri,64,2000,0.875
prepri,64,2015,1
prepri,64,2016,1
prepri,64,2017,1
prepri,68,2011,9.43805
prepri,68,2012,5.8304
prepri,68,2013,7.09243
prepri,68,2014,8.03383
prepri,68,2015,8.28856
prepri,68,2016,8.22391
prepri,68,2017,10.93417
prepri,72,2006,1.19371
prepri,72,2007,1.30545
prepri,72,2008,1.64005
prepri,72,2009,1.09704
prepri,72,2012,1.00165
prepri,72,2013,0.98075
prepri,84,2011,0.2056
prepri,84,2012,0.33643
prepri,84,2013,1.06729
prepri,84,2014,0.44731
prepri,84,2015,0.51025
prepri,84,2016,0.90293
prepri,90,2011,0.84289
prepri,90,2012,1.20128
prepri,90,2013,1.02773
prepri,90,2014,1.0115
prepri,96,2005,0.65849
prepri,96,2006,0.72383
prepri,96,2007,0.73953
prepri,96,2008,0.70352
prepri,96,2009,0.78125
prepri,96,2010,0.76096
prepri,96,2011,0.84952
prepri,96,2012,0.79361
prepri,96,2013,0.8262
prepri,96,2014,0.85234
prepri,96,2015,0.6594
prepri,96,2016,0.6887
prepri,96,2017,0.65629
prepri,104,2006,1.71591
prepri,104,2009,2.7294
prepri,104,2010,1.0403
prepri,104,2017,0.97796
prepri,108,2004,2.77551
prepri,108,2011,3.40541
prepri,108,2012,2.13969
prepri,108,2014,2.03787
prepri,108,2015,1
prepri,108,2016,1
prepri,108,2017,1
prepri,112,2002,3.09638
prepri,112,2004,0.72959
prepri,112,2005,0.99565
prepri,112,2006,0.99992
prepri,112,2007,1.0008
prepri,112,2008,0.99491
prepri,112,2009,4.53131
prepri,112,2010,0.91764
prepri,112,2011,1.49138
prepri,112,2012,0.93393
prepri,112,2013,0.95939
prepri,112,2014,1.09502
prepri,112,2015,1.05926
prepri,112,2016,1.06299
prepri,112,2017,1.08407
prepri,116,2012,1
prepri,116,2013,1
prepri,116,2014,1
prepri,116,2015,1
prepri,116,2016,1
prepri,116,2017,1
prepri,120,2006,0.94733
prepri,120,2007,1.12847
prepri,120,2010,1.47772
prepri,120,2011,1.18222
prepri,120,2012,1.04836
prepri,120,2015,1.14958
prepri,120,2016,1.25819
prepri,120,2017,1.44146
prepri,136,2002,0.96552
prepri,136,2012,0.74603
prepri,148,2010,1.1597
prepri,148,2011,0.93565
prepri,148,2013,1.0935
prepri,148,2016,2.4729
prepri,170,2007,1
prepri,170,2008,1
prepri,170,2009,1
prepri,170,2010,1
prepri,170,2011,1
prepri,170,2012,1
prepri,170,2013,1.04315
prepri,170,2014,1.05094
prepri,178,2010,1.05097
prepri,178,2012,0.91418
prepri,180,2010,4.46627
prepri,180,2012,2.56006
prepri,180,2013,2.61065
prepri,180,2014,2.60756
prepri,180,2015,4.09885
prepri,184,2011,0.6875
prepri,188,2005,1.152
prepri,188,2006,1.25278
prepri,188,2007,1.36466
prepri,188,2008,1.34904
prepri,188,2009,1.2468
prepri,188,2010,1.31045
prepri,188,2011,1.24775
prepri,188,2013,1.00089
prepri,188,2014,0.99632
prepri,188,2015,0.99331
prepri,188,2016,0.99595
prepri,191,2000,0.88472
prepri,191,2001,0.85625
prepri,191,2002,0.85377
prepri,191,2003,0.83794
prepri,204,2010,0.73035
prepri,204,2012,0.52651
prepri,204,2016,0.92902
prepri,214,2000,1.03982
prepri,214,2004,1.08403
prepri,214,2005,1.09403
prepri,214,2006,1.10838
prepri,214,2007,1.06221
prepri,214,2008,1.63991
prepri,214,2009,1.06158
prepri,214,2010,1.06456
prepri,214,2011,1.06236
prepri,214,2012,1.08143
prepri,214,2013,1.00008
prepri,214,2014,0.9686
prepri,214,2015,0.99596
prepri,214,2016,0.99983
prepri,214,2017,1.0085
prepri,218,2000,1.16512
prepri,218,2001,1.14333
prepri,218,2002,1.2111
prepri,218,2003,1.19917
prepri,218,2004,1.23228
prepri,218,2005,1.24838
prepri,218,2006,1.24283
prepri,218,2007,1.23096
prepri,218,2009,1.16683
prepri,218,2010,1.23026
prepri,218,2011,1.23825
prepri,218,2012,1.22023
prepri,218,2013,1.17648
prepri,218,2014,1.14435
prepri,218,2015,1.14707
prepri,218,2016,1.17048
prepri,222,2003,1.21185
prepri,222,2004,1.28649
prepri,222,2005,1.37974
prepri,222,2006,1.50528
prepri,222,2007,1.67555
prepri,222,2008,1.3518
prepri,222,2011,1.29175
prepri,222,2015,1.27848
prepri,222,2016,1.27393
prepri,222,2017,1.24828
prepri,226,2015,1.03009
prepri,231,2000,1.24023
prepri,231,2001,1.16694
prepri,231,2002,1.19449
prepri,231,2003,1.21235
prepri,231,2004,1.25506
prepri,231,2005,1.16824
prepri,231,2006,5.42844
prepri,231,2007,8.25604
prepri,231,2008,8.94121
prepri,232,2000,1.62671
prepri,232,2001,1.30189
prepri,232,2003,1.14415
prepri,232,2004,1.14066
prepri,232,2005,1.19723
prepri,232,2006,1.21811
prepri,232,2007,0.9384
prepri,232,2008,1.00581
prepri,232,2009,0.91592
prepri,232,2010,1.13315
prepri,232,2011,0.96006
prepri,232,2012,1.17603
prepri,232,2013,1.42903
prepri,232,2014,1.47225
prepri,232,2015,1.45685
prepri,232,2017,0.88638
prepri,262,2004,1.4
prepri,262,2008,1.51961
prepri,262,2009,1
prepri,270,2013,0.87655
prepri,270,2014,0.88617
prepri,270,2015,0.92322
prepri,270,2017,0.91257
prepri,275,2004,1
prepri,275,2005,1
prepri,275,2006,1
prepri,275,2007,1
prepri,288,2000,1.29206
prepri,288,2001,1.33777
prepri,288,2002,1.04588
prepri,288,2003,0.985
prepri,288,2004,1.15299
prepri,288,2005,0.8725
prepri,288,2006,1.89963
prepri,288,2007,1.08083
prepri,288,2008,1.19847
prepri,288,2009,0.99577
prepri,288,2010,1.21695
prepri,288,2011,1.21685
prepri,288,2012,1.16949
prepri,288,2013,1.18621
prepri,288,2014,1.09192
prepri,288,2015,1.07615
prepri,288,2018,1.07239
prepri,292,2016,0.86486
prepri,324,2006,1.23952
prepri,324,2008,1.22333
prepri,328,2000,2.77333
prepri,328,2001,4.03803
prepri,328,2003,2.5377
prepri,328,2005,2.31247
prepri,328,2007,1.44729
prepri,328,2008,2.21904
prepri,328,2009,1.18946
prepri,328,2010,1.09578
prepri,328,2011,1.007
prepri,328,2012,1.08643
prepri,336,2000,0
prepri,336,2001,0
prepri,336,2002,0
prepri,336,2003,0
prepri,336,2004,0
prepri,336,2005,0
prepri,336,2006,0
prepri,336,2007,0
prepri,336,2008,0
prepri,336,2009,0
prepri,336,2010,0
prepri,336,2011,0
prepri,336,2012,0
prepri,336,2013,0
prepri,336,2014,0
prepri,336,2015,0
prepri,336,2016,0
prepri,336,2017,0
prepri,336,2018,0
prepri,340,2004,1.22053
prepri,340,2013,1.25828
prepri,384,2000,0.97137
prepri,384,2001,1.00503
prepri,384,2003,1
prepri,384,2007,1
prepri,384,2008,1
prepri,384,2009,1
prepri,384,2011,1
prepri,384,2012,0.98258
prepri,384,2013,1.06623
prepri,384,2014,1.06542
prepri,384,2015,1
prepri,384,2016,1
prepri,384,2017,1
prepri,388,2015,0.91473
prepri,398,2014,1
prepri,400,2013,1
prepri,404,2003,1.33537
prepri,404,2004,1.33819
prepri,404,2005,1.33677
prepri,404,2006,1.33689
prepri,404,2007,1.33199
prepri,404,2008,1.0135
prepri,404,2009,0.80373
prepri,404,2012,1.08079
prepri,404,2014,0.88887
prepri,414,2000,1
prepri,414,2003,1
prepri,414,2005,1
prepri,414,2006,1
prepri,414,2007,1
prepri,414,2008,1
prepri,414,2009,1
prepri,417,2003,1.09139
prepri,417,2004,0.38186
prepri,417,2005,0.98303
prepri,417,2006,1.02392
prepri,417,2007,0.95175
prepri,417,2008,0.84475
prepri,417,2009,1.00694
prepri,417,2010,1.00922
prepri,417,2011,0.96139
prepri,418,2000,0.997
prepri,418,2001,1.64936
prepri,418,2002,1.66312
prepri,418,2003,0.82102
prepri,418,2004,1.39891
prepri,418,2005,1.3402
prepri,418,2006,2.24521
prepri,418,2007,1.21729
prepri,418,2008,1.14521
prepri,418,2009,2.40302
prepri,418,2010,0.99871
prepri,418,2011,0.98334
prepri,418,2012,1.00929
prepri,418,2014,0.97841
prepri,418,2015,0.9552
prepri,418,2016,0.98341
prepri,418,2017,0.95719
prepri,426,2015,1
prepri,430,2006,1.2316
prepri,446,2000,0.93585
prepri,446,2004,0.97588
prepri,446,2005,1.30667
prepri,446,2007,0.97895
prepri,446,2008,1.93988
prepri,446,2009,0.96318
prepri,446,2010,0.94523
prepri,446,2011,1.12821
prepri,446,2012,1.03608
prepri,446,2013,1.0493
prepri,446,2014,1.12729
prepri,446,2015,0.98007
prepri,446,2016,0.99119
prepri,446,2017,0.99328
prepri,450,2010,0.60377
prepri,450,2013,1.57058
prepri,450,2014,0.59718
prepri,450,2015,0.84346
prepri,450,2016,1.10255
prepri,458,2011,0.98867
prepri,458,2012,0.98944
prepri,458,2013,1.00225
prepri,458,2014,1.00097
prepri,458,2015,0.99578
prepri,458,2016,1.03861
prepri,458,2017,1.24983
prepri,462,2000,2.02936
prepri,462,2001,1.01168
prepri,462,2002,1.04926
prepri,462,2003,1.5879
prepri,462,2005,0.96475
prepri,462,2006,0.97464
prepri,462,2009,1.79182
prepri,462,2010,2.77051
prepri,462,2011,16.2086
prepri,462,2012,18.73354
prepri,462,2013,42.50083
prepri,462,2015,0.8142
prepri,462,2016,0.87626
prepri,462,2017,0.90583
prepri,466,2008,1.04899
prepri,466,2011,0.69107
prepri,480,2008,1.04477
prepri,480,2009,0.97604
prepri,480,2011,1.06967
prepri,480,2012,0.99921
prepri,480,2013,0.99956
prepri,480,2014,1
prepri,480,2015,1
prepri,480,2016,1
prepri,484,2014,2.11812
prepri,484,2015,2.89357
prepri,484,2016,1.83225
prepri,496,2000,1
prepri,496,2001,1
prepri,496,2002,1
prepri,496,2003,1
prepri,496,2004,1
prepri,496,2005,1
prepri,496,2006,1
prepri,496,2007,1
prepri,496,2008,1
prepri,496,2009,1
prepri,496,2010,1.11733
prepri,496,2011,1.10725
prepri,496,2012,1.10176
prepri,496,2016,1
prepri,496,2017,0.99958
prepri,498,2016,1.29313
prepri,498,2017,1.13649
prepri,504,2005,1
prepri,504,2007,1
prepri,504,2008,1
prepri,504,2010,1
prepri,504,2012,1
prepri,512,2009,1
prepri,512,2013,1
prepri,512,2014,1
prepri,512,2015,1
prepri,512,2016,1
prepri,512,2017,1
prepri,524,2008,0.96875
prepri,524,2010,1.22458
prepri,524,2011,1.14222
prepri,524,2012,1.73479
prepri,524,2013,1.9661
prepri,524,2014,2.2321
prepri,524,2015,2.41418
prepri,524,2016,1.79051
prepri,524,2017,1.81144
prepri,533,2001,1
prepri,533,2002,1
prepri,533,2003,0.98507
prepri,533,2004,1
prepri,533,2005,1
prepri,533,2006,1
prepri,533,2007,1
prepri,533,2008,1
prepri,533,2009,1
prepri,533,2010,1
prepri,533,2011,0.98611
prepri,533,2012,1
prepri,548,2015,0.99199
prepri,558,2000,2.61618
prepri,558,2001,3.11593
prepri,558,2002,2.06746
prepri,558,2004,0.62716
prepri,558,2005,1.40183
prepri,558,2006,0.99983
prepri,558,2007,0.89744
prepri,558,2008,0.97977
prepri,558,2010,1.03009
prepri,562,2000,1
prepri,562,2001,1
prepri,562,2002,1
prepri,562,2003,1
prepri,562,2004,1.34906
prepri,562,2007,1.01769
prepri,562,2008,1.42038
prepri,562,2009,1.07455
prepri,562,2010,1.03295
prepri,562,2011,1.17964
prepri,562,2012,1.12208
prepri,562,2017,1.18579
prepri,584,2002,1
prepri,591,2000,2.60604
prepri,591,2001,2.79535
prepri,591,2004,3.3352
prepri,591,2005,6.81129
prepri,591,2006,6.06971
prepri,591,2007,5.20019
prepri,591,2008,7.93241
prepri,591,2009,6.85764
prepri,591,2010,8.31773
prepri,591,2011,8.51099
prepri,591,2012,5.20681
prepri,591,2016,1
prepri,600,2012,1.11013
prepri,608,2015,1
prepri,608,2016,1
prepri,624,2000,0.78471
prepri,624,2010,0.91509
prepri,630,2015,0.99755
prepri,630,2016,0.99571
prepri,646,2011,1.19746
prepri,646,2015,0.94868
prepri,646,2016,0.94741
prepri,646,2017,0.90514
prepri,660,2003,0.54054
prepri,678,2002,0.71318
prepri,678,2009,0.58893
prepri,678,2014,1.64896
prepri,678,2015,1.20442
prepri,686,2008,0.52592
prepri,686,2009,0.62002
prepri,686,2010,0.61896
prepri,686,2012,0.72845
prepri,686,2013,0.693
prepri,686,2014,0.72907
prepri,686,2015,0.72218
prepri,686,2016,0.71674
prepri,686,2017,0.72321
prepri,688,2007,1
prepri,688,2011,1.00559
prepri,690,2001,0.80412
prepri,690,2016,0.85946
prepri,690,2017,0.85638
prepri,694,2001,0.7659
prepri,694,2011,1.41858
prepri,694,2012,1.19816
prepri,694,2013,1.36381
prepri,694,2015,1.27737
prepri,704,2014,1.14802
prepri,704,2015,1.02166
prepri,710,2000,1.12856
prepri,710,2001,1.14823
prepri,710,2002,0.8665
prepri,716,2012,0.31882
prepri,716,2013,0.55392
prepri,728,2011,1.34662
prepri,736,2001,1.00034
prepri,740,2008,1
prepri,748,2010,1.06395
prepri,748,2011,0.89852
prepri,762,2016,1
prepri,768,2000,2.90055
prepri,768,2001,1.77454
prepri,768,2002,1.75866
prepri,768,2003,0.99748
prepri,768,2010,1.36144
prepri,768,2011,1.29531
prepri,768,2012,0.79559
prepri,768,2015,0.9677
prepri,772,2016,0.36364
prepri,784,2002,0.76561
prepri,784,2004,3.48587
prepri,784,2005,0.62627
prepri,784,2007,1
prepri,784,2009,1
prepri,784,2010,1
prepri,784,2011,1
prepri,784,2012,1
prepri,784,2013,1
prepri,784,2014,1
prepri,784,2015,1
prepri,784,2016,1
prepri,788,2016,1
prepri,800,2017,1.83062
prepri,818,2016,3.31204
prepri,834,2004,1.93216
prepri,834,2005,1.71142
prepri,834,2006,2.31871
prepri,834,2007,2.27035
prepri,834,2010,4.26866
prepri,834,2014,1.93065
prepri,834,2016,1.37612
prepri,854,2011,0.12004
prepri,854,2015,4.82189
prepri,854,2016,0.85118
prepri,854,2017,0.56803
prepri,860,2006,1
prepri,860,2007,1
prepri,860,2008,1
prepri,860,2009,1
prepri,860,2010,1
prepri,860,2011,1
prepri,860,2017,0.99936
prepri,882,2014,1
prepri,882,2015,1
prepri,882,2016,1
prepri,882,2017,1
primar,12,2000,1.04022
primar,12,2001,1.03246
primar,12,2002,1.02236
primar,12,2003,1.01744
primar,12,2004,1.01452
primar,12,2005,1.00868
primar,12,2006,1.00687
primar,12,2007,0.98516
primar,12,2014,1
primar,12,2015,1
primar,20,2006,1
primar,20,2007,1
primar,20,2008,1
primar,20,2009,1
primar,20,2010,1
primar,20,2011,1
primar,20,2012,1
primar,20,2013,1
primar,20,2014,1
primar,20,2015,1
primar,20,2016,1
primar,20,2017,1
primar,24,2011,1.13891
primar,28,2000,0.74328
primar,28,2007,0.94727
primar,28,2008,1.01261
primar,28,2009,0.86232
primar,28,2010,0.95567
primar,28,2011,1.20699
primar,28,2012,1.5188
primar,28,2014,0.85403
primar,28,2015,1.17863
primar,28,2017,1.69104
primar,31,2000,0.99938
primar,31,2001,1.00004
primar,31,2002,1
primar,31,2003,1.00294
primar,31,2004,1.00338
primar,31,2005,1.00086
primar,31,2006,0.99979
primar,31,2007,1.00017
primar,31,2008,1.00094
primar,31,2010,1.00066
primar,31,2011,1.00033
primar,31,2012,1.00019
primar,31,2013,1.00018
primar,31,2017,1.0019
primar,44,2002,1.00998
primar,44,2004,1.07936
primar,44,2006,1.30377
primar,44,2008,1.01814
primar,44,2009,1.11378
primar,44,2016,1.06125
primar,48,2011,1.01911
primar,48,2012,1.0356
primar,48,2013,1.04101
primar,48,2014,1.03279
primar,48,2015,1.03309
primar,48,2016,1.02978
primar,48,2017,1.02659
primar,50,2005,1.03016
primar,50,2006,1.08181
primar,50,2007,1.038
primar,50,2008,1.10029
primar,50,2009,1.15107
primar,50,2011,0.93667
primar,50,2015,1.02607
primar,50,2016,1.08528
primar,50,2017,1.03939
primar,51,2004,0.78714
primar,51,2005,3.47082
primar,52,2005,0.92917
primar,52,2007,0.96225
primar,52,2008,0.92752
primar,52,2009,1.02049
primar,52,2010,1.08926
primar,52,2011,1.12425
primar,52,2014,1.54875
primar,52,2015,1.19256
primar,52,2016,1.11331
primar,52,2017,1.14806
primar,60,2001,1
primar,60,2002,1
primar,60,2003,1
primar,60,2004,1
primar,60,2005,1
primar,60,2006,1
primar,60,2011,1
primar,60,2012,1
primar,60,2014,1
primar,60,2016,1
primar,64,2000,0.99975
primar,64,2001,0.98576
primar,64,2005,1.01503
primar,64,2006,1.0006
primar,64,2015,1
primar,64,2016,1
primar,64,2017,1
primar,68,2011,1.59124
primar,68,2012,1.59688
primar,68,2013,1.66047
primar,68,2014,1.66736
primar,68,2015,1.68956
primar,68,2016,1.74293
primar,68,2017,1.73546
primar,72,2000,1.08729
primar,72,2001,1.07721
primar,72,2002,1.05869
primar,72,2003,1.05921
primar,72,2004,1.0263
primar,72,2005,0.97185
primar,72,2006,1.04903
primar,72,2007,1.0078
primar,72,2008,0.99804
primar,72,2009,1
primar,72,2012,0.99788
primar,72,2013,1.00294
primar,84,2000,1.08733
primar,84,2001,1.11163
primar,84,2003,1.13963
primar,84,2004,1.01874
primar,84,2006,1.10365
primar,84,2007,0.69773
primar,84,2008,1.01638
primar,84,2009,1.09694
primar,84,2010,1.08283
primar,84,2011,1.07524
primar,84,2012,1.12702
primar,84,2013,1.18299
primar,84,2014,1.11202
primar,84,2015,1.13808
primar,84,2016,1.00271
primar,90,2010,0.95522
primar,90,2011,0.97036
primar,90,2012,0.985
primar,90,2013,0.9716
primar,90,2014,0.9403
primar,90,2015,0.93118
primar,90,2016,0.97246
primar,90,2017,0.95622
primar,92,2000,1.38462
primar,92,2003,1.00499
primar,92,2006,2.63241
primar,92,2007,1.28093
primar,92,2014,1.22892
primar,92,2015,1.07623
primar,92,2016,1.09091
primar,92,2017,1.04598
primar,96,2005,0.90998
primar,96,2006,0.88977
primar,96,2007,0.88787
primar,96,2008,0.88124
primar,96,2009,0.88124
primar,96,2010,0.93109
primar,96,2011,0.92386
primar,96,2012,0.91653
primar,96,2013,0.90476
primar,96,2014,0.93011
primar,96,2015,1.06537
primar,96,2016,0.9485
primar,96,2017,0.91855
primar,104,2000,1
primar,104,2001,0.99999
primar,104,2002,1.00001
primar,104,2003,1.00002
primar,104,2004,1.00015
primar,104,2005,0.93905
primar,104,2006,0.99998
primar,104,2008,0.99045
primar,104,2009,1.00001
primar,104,2010,1
primar,104,2016,1.00213
primar,108,2005,1.0907
primar,108,2007,1.16048
primar,108,2009,1.07256
primar,108,2012,1.03775
primar,108,2014,1.06105
primar,108,2015,1
primar,108,2016,1
primar,108,2017,1
primar,112,2002,1.00354
primar,112,2003,1.0024
primar,112,2004,1.00445
primar,112,2005,0.99796
primar,112,2006,0.99627
primar,112,2007,0.99809
primar,112,2009,0.99865
primar,112,2012,0.99642
primar,112,2013,0.99626
primar,112,2014,1.00414
primar,112,2015,1.00276
primar,112,2016,1.00303
primar,112,2017,0.99647
primar,116,2012,1
primar,116,2013,1
primar,116,2014,1
primar,116,2015,1
primar,116,2016,1
primar,116,2017,1
primar,120,2003,1.06116
primar,120,2004,1.00139
primar,120,2005,1.14963
primar,120,2006,1.15978
primar,120,2010,1.12996
primar,120,2011,1.14021
primar,120,2012,0.99074
primar,120,2015,2.60755
primar,120,2016,1.13806
primar,120,2017,1.04151
primar,132,2002,0.99261
primar,132,2003,1.2018
primar,132,2004,1.17874
primar,132,2005,1.14713
primar,132,2006,1.09116
primar,132,2007,1.08462
primar,132,2008,1.07917
primar,132,2009,1.07353
primar,132,2010,1.05155
primar,132,2011,1.04119
primar,132,2012,1.03798
primar,132,2014,1.01134
primar,132,2016,1.00767
primar,132,2017,1.01185
primar,136,2000,1.14257
primar,136,2001,1.02424
primar,136,2002,1.01695
primar,136,2004,1.02128
primar,136,2005,0.98661
primar,136,2006,1.0372
primar,136,2007,1.01818
primar,136,2008,1.11752
primar,136,2011,0.96271
primar,136,2012,1.0329
primar,136,2013,0.92605
primar,136,2018,1
primar,144,2015,0.96721
primar,144,2016,0.96279
primar,144,2017,0.96872
primar,170,2007,1
primar,170,2008,1
primar,170,2009,1
primar,170,2010,1
primar,170,2011,1
primar,170,2012,1
primar,170,2013,1.01701
primar,170,2014,1.02191
primar,170,2015,1.04683
primar,170,2016,1.0462
primar,170,2017,1.04961
primar,178,2000,1.20968
primar,178,2003,1.51157
primar,178,2004,1.18727
primar,178,2006,1.13004
primar,178,2010,1.10417
primar,178,2011,1.22718
primar,178,2012,1.21796
primar,180,2007,0.97922
primar,180,2008,1.03038
primar,180,2009,1.02815
primar,180,2010,1.02671
primar,180,2012,1.01094
primar,180,2014,1.00721
primar,184,2007,0.99819
primar,184,2012,0.99519
primar,184,2013,0.96842
primar,184,2014,0.9548
primar,184,2016,1.05417
primar,188,2005,1.00112
primar,188,2006,0.99554
primar,188,2007,0.99719
primar,188,2008,0.99254
primar,188,2009,0.99539
primar,188,2010,0.99979
primar,188,2011,0.99868
primar,188,2013,1.00044
primar,188,2014,1.00018
primar,188,2015,0.99977
primar,188,2016,0.99974
primar,191,2000,1
primar,191,2001,1
primar,191,2002,1
primar,191,2003,1
primar,192,2000,1
primar,192,2001,1
primar,192,2003,1
primar,192,2004,1
primar,192,2005,1
primar,192,2006,1
primar,192,2007,1
primar,192,2008,1
primar,192,2009,1
primar,192,2010,1
primar,192,2011,1
primar,192,2012,1
primar,192,2013,1
primar,192,2014,1
primar,192,2015,1
primar,192,2016,1
primar,192,2017,1
primar,204,2000,1.10043
primar,204,2003,1.11373
primar,204,2004,1.17416
primar,204,2009,1.14214
primar,204,2010,1.06167
primar,204,2011,1.00789
primar,204,2014,0.94157
primar,204,2015,0.9449
primar,204,2016,0.9723
primar,204,2017,0.93897
primar,212,2000,1.28828
primar,212,2001,1.29281
primar,212,2002,1.40458
primar,212,2003,1.40933
primar,212,2004,1.61207
primar,212,2005,1.39475
primar,212,2006,1.52752
primar,212,2007,1.5271
primar,212,2008,1.51423
primar,212,2009,1.64598
primar,212,2010,1.65367
primar,212,2011,1.62794
primar,212,2012,1.30887
primar,212,2013,1.17037
primar,212,2014,1.18767
primar,212,2015,1.2466
primar,212,2016,1.09291
primar,214,2005,1.11352
primar,214,2006,1.11035
primar,214,2007,1.11355
primar,214,2008,0.9915
primar,214,2009,1.00003
primar,214,2010,1.08977
primar,214,2011,1.27837
primar,214,2012,1.10674
primar,214,2013,1.00005
primar,214,2014,0.95952
primar,214,2015,0.9997
primar,214,2016,1.00008
primar,214,2017,1.00081
primar,218,2000,1.0086
primar,218,2001,1.003
primar,218,2002,0.99157
primar,218,2003,0.99641
primar,218,2004,1.00218
primar,218,2005,1.00746
primar,218,2006,1.01203
primar,218,2007,1.01151
primar,218,2009,1.01979
primar,218,2010,1.04552
primar,218,2011,1.05411
primar,218,2012,1.05603
primar,218,2013,1.05366
primar,218,2014,1.05727
primar,218,2015,1.05984
primar,218,2016,1.05949
primar,222,2003,1.02756
primar,222,2004,1.03302
primar,222,2005,1.02975
primar,222,2006,1.02706
primar,222,2007,1.02715
primar,222,2008,1.03623
primar,222,2011,1.03841
primar,222,2015,1.03262
primar,222,2016,1.03296
primar,222,2017,1.0281
primar,226,2008,0.73579
primar,226,2009,0.85027
primar,226,2010,0.92271
primar,226,2011,1.1226
primar,226,2015,1.17326
primar,231,2008,1.07132
primar,231,2009,1.08501
primar,232,2000,0.79675
primar,232,2001,0.70514
primar,232,2002,0.69506
primar,232,2003,0.77517
primar,232,2004,0.76965
primar,232,2005,0.77524
primar,232,2006,0.89322
primar,232,2007,0.88741
primar,232,2008,1.0461
primar,232,2009,0.93028
primar,232,2010,0.95034
primar,232,2011,0.9934
primar,232,2012,0.93681
primar,232,2014,1.12635
primar,232,2015,1.16445
primar,232,2017,1.37236
primar,242,2008,0.99899
primar,242,2011,1
primar,242,2012,1
primar,242,2016,0.98127
primar,262,2006,0.95971
primar,262,2008,0.965
primar,262,2009,1
primar,262,2011,1
primar,262,2013,1.05572
primar,262,2015,1
primar,262,2018,1
primar,266,2001,0.98717
primar,266,2003,1
primar,268,2000,0.99759
primar,268,2008,1.00139
primar,268,2009,1.03382
primar,270,2000,0.88566
primar,270,2011,0.99316
primar,270,2012,1.1117
primar,270,2013,1.08608
primar,270,2014,1.01276
primar,270,2015,1.01798
primar,270,2017,1.02373
primar,270,2018,1
primar,275,2000,1
primar,275,2001,1
primar,275,2002,1
primar,275,2003,1
primar,275,2004,1
primar,275,2005,1
primar,275,2007,1
primar,275,2008,1
primar,275,2009,1
primar,275,2010,1
primar,275,2011,1
primar,275,2012,1
primar,275,2013,1
primar,275,2014,1
primar,275,2015,1
primar,275,2016,1
primar,275,2017,1
primar,288,2000,1.41607
primar,288,2001,1.44746
primar,288,2002,1.45545
primar,288,2003,1.58768
primar,288,2004,1.45857
primar,288,2005,1.59036
primar,288,2006,1.01312
primar,288,2007,1.5693
primar,288,2008,1.7317
primar,288,2009,1.73901
primar,288,2010,1.59258
primar,288,2011,1.59257
primar,288,2012,1.497
primar,288,2013,1.41453
primar,288,2014,1.39547
primar,288,2015,1.3372
primar,288,2016,1.29178
primar,288,2017,1.22862
primar,288,2018,1.16411
primar,292,2000,0.98851
primar,292,2001,1
primar,292,2008,1
primar,292,2009,0.99367
primar,292,2016,0.84761
primar,292,2017,1
primar,296,2005,1.04992
primar,296,2006,1.0191
primar,296,2007,1.00218
primar,296,2008,1.03291
primar,296,2016,1.04303
primar,308,2000,1.15918
primar,308,2001,1.10585
primar,308,2003,1.02939
primar,308,2005,1.04512
primar,308,2007,0.99926
primar,308,2008,1.04568
primar,308,2009,0.94667
primar,308,2013,1.18182
primar,308,2014,0.86468
primar,308,2015,1.09465
primar,308,2016,1.09883
primar,308,2017,1.20624
primar,324,2005,0.99983
primar,324,2006,1.13638
primar,324,2008,1.09941
primar,324,2011,1.0594
primar,324,2012,1.13768
primar,324,2013,1.27037
primar,324,2014,1.09354
primar,324,2015,1.24492
primar,324,2016,1.21727
primar,328,2000,0.99811
primar,328,2001,0.99588
primar,328,2003,0.99967
primar,328,2005,1.11905
primar,328,2007,1.06408
primar,328,2008,1.11327
primar,328,2009,1.11272
primar,328,2010,1.13141
primar,328,2011,1.15372
primar,328,2012,1.12435
primar,336,2000,0
primar,336,2001,0
primar,336,2002,0
primar,336,2003,0
primar,336,2004,0
primar,336,2005,0
primar,336,2006,0
primar,336,2007,0
primar,336,2008,0
primar,336,2009,0
primar,336,2010,0
primar,336,2011,0
primar,336,2012,0
primar,336,2013,0
primar,336,2014,0
primar,336,2015,0
primar,336,2016,0
primar,336,2017,0
primar,336,2018,0
primar,340,2004,1.01382
primar,344,2000,0.9909
primar,344,2001,0.98552
primar,344,2002,0.99931
primar,344,2003,1.00022
primar,344,2004,1.00802
primar,344,2005,1.00661
primar,344,2006,1.01323
primar,344,2007,1.01624
primar,344,2008,1.01459
primar,344,2009,1.02108
primar,344,2010,1.01651
primar,344,2011,1.0131
primar,344,2012,1.01472
primar,344,2013,1.01736
primar,344,2014,1.01624
primar,344,2015,1.01836
primar,344,2016,1.01388
primar,344,2017,1.01228
primar,356,2016,1.02336
primar,356,2017,1.02026
primar,364,2001,0.98626
primar,364,2013,1
primar,364,2014,1
primar,364,2015,1
primar,364,2016,1
primar,364,2017,1
primar,368,2000,1
primar,368,2004,1
primar,384,2000,0.99363
primar,384,2001,0.99607
primar,384,2003,1
primar,384,2007,1
primar,384,2008,1
primar,384,2009,1
primar,384,2011,1
primar,384,2012,1.00649
primar,384,2013,1.01012
primar,384,2014,1.03332
primar,384,2015,1
primar,384,2016,1
primar,384,2017,1
primar,388,2014,1.07546
primar,388,2015,1.06054
primar,388,2016,1.04537
primar,398,2014,1
primar,398,2015,1
primar,398,2016,1
primar,398,2017,1
primar,398,2018,1
primar,400,2014,1
primar,400,2016,1
primar,400,2017,1
primar,404,2003,1.00431
primar,404,2004,1.00747
primar,404,2005,1.00583
primar,404,2007,0.9975
primar,404,2008,0.99766
primar,414,2000,1
primar,414,2003,1
primar,414,2004,1
primar,414,2005,1
primar,414,2006,1
primar,414,2007,1
primar,414,2008,1
primar,414,2009,1
primar,414,2011,1.44653
primar,414,2012,1.44247
primar,414,2013,1.51183
primar,414,2014,1.56757
primar,414,2015,1.53324
primar,417,2003,0.99192
primar,417,2004,1.00025
primar,417,2005,0.99875
primar,417,2006,1.00105
primar,417,2007,1.0014
primar,417,2008,0.9986
primar,417,2009,0.99586
primar,417,2010,0.99946
primar,417,2011,0.99086
primar,417,2012,0.98864
primar,417,2013,0.99821
primar,417,2014,0.9992
primar,417,2015,0.99951
primar,417,2016,2.49653
primar,417,2017,1.00407
primar,418,2000,1.23542
primar,418,2001,1.24241
primar,418,2002,1.23845
primar,418,2003,1.22292
primar,418,2004,1.20164
primar,418,2005,1.14175
primar,418,2006,1.11368
primar,418,2007,1.06196
primar,418,2008,0.99437
primar,418,2009,1.06087
primar,418,2010,0.93468
primar,418,2011,0.92399
primar,418,2012,1.00933
primar,418,2013,0.99568
primar,418,2014,0.99626
primar,418,2015,0.9939
primar,418,2016,0.99413
primar,418,2017,0.99344
primar,426,2000,1.25232
primar,426,2001,1.28644
primar,426,2002,1.29859
primar,426,2003,1.3666
primar,426,2004,1.36096
primar,426,2005,1.51161
primar,426,2006,1.40102
primar,426,2007,1.12549
primar,426,2009,1.4572
primar,426,2010,1.37651
primar,426,2011,1.34235
primar,426,2012,1.26674
primar,426,2013,1.2141
primar,426,2014,1.17444
primar,426,2015,1.14618
primar,426,2016,1.0462
primar,430,2006,1.1532
primar,430,2008,1.20119
primar,430,2009,1.20706
primar,430,2011,1.1356
primar,430,2014,1.13669
primar,430,2015,1.16035
primar,446,2000,1.35842
primar,446,2001,1.27084
primar,446,2002,1.2248
primar,446,2003,1.24081
primar,446,2004,1.20366
primar,446,2005,1.2303
primar,446,2006,1.26083
primar,446,2007,1.19149
primar,446,2008,1.20217
primar,446,2009,1.19686
primar,446,2010,1.22932
primar,446,2011,1.21701
primar,446,2012,1.16907
primar,446,2013,1.23229
primar,446,2014,1.22999
primar,446,2015,1.03178
primar,446,2016,1.01964
primar,446,2017,1.0059
primar,450,2012,1.32331
primar,450,2013,1.5547
primar,450,2014,1.57003
primar,450,2015,1.57953
primar,450,2016,1.58747
primar,450,2017,1.61169
primar,454,2007,1.04751
primar,454,2008,0.81216
primar,454,2010,1.01403
primar,454,2011,1.02118
primar,454,2012,1.04971
primar,454,2013,1.0113
primar,458,2001,0.97703
primar,458,2002,0.96356
primar,458,2003,0.94071
primar,458,2004,0.93889
primar,458,2005,0.95496
primar,458,2006,0.98193
primar,458,2007,1
primar,458,2008,1.00001
primar,458,2009,1
primar,458,2010,0.99999
primar,458,2011,1
primar,458,2012,1
primar,458,2013,0.99105
primar,458,2014,0.99824
primar,458,2015,1.00007
primar,458,2016,0.99934
primar,458,2017,1.0016
primar,462,2000,0.96999
primar,462,2001,1.01012
primar,462,2002,1.00414
primar,462,2003,1.01174
primar,462,2005,1.09653
primar,462,2006,0.95627
primar,462,2007,0.95127
primar,462,2008,0.95725
primar,462,2009,0.95121
primar,462,2010,1.00288
primar,462,2011,0.9525
primar,462,2012,0.92341
primar,462,2013,0.96146
primar,462,2014,0.97341
primar,462,2015,0.96892
primar,462,2016,0.97174
primar,462,2017,0.99311
primar,466,2008,1.1385
primar,466,2009,1.15752
primar,466,2011,1.11444
primar,478,2004,1
primar,478,2005,1
primar,478,2006,1
primar,478,2007,1
primar,478,2008,1
primar,478,2009,1
primar,478,2010,1
primar,478,2011,1
primar,478,2012,1
primar,478,2014,1.0107
primar,478,2016,0.96305
primar,480,2000,1
primar,480,2001,1
primar,480,2002,1
primar,480,2004,1
primar,480,2005,1
primar,480,2006,1
primar,480,2007,1
primar,480,2008,1
primar,480,2009,1
primar,480,2010,1
primar,480,2011,1
primar,480,2012,1
primar,480,2013,1
primar,480,2014,1
primar,480,2015,1
primar,480,2016,1
primar,480,2017,1
primar,484,2014,1.01029
primar,484,2015,1.03332
primar,484,2016,1.0301
primar,496,2000,1
primar,496,2001,1
primar,496,2002,1
primar,496,2003,1
primar,496,2004,1
primar,496,2005,1
primar,496,2006,1
primar,496,2007,1
primar,496,2008,1
primar,496,2009,1
primar,496,2010,1.00057
primar,496,2011,1.00066
primar,496,2012,0.99614
primar,496,2013,1
primar,496,2014,1
primar,496,2016,1
primar,498,2014,0.937
primar,498,2015,1
primar,498,2016,1.01901
primar,498,2017,1.05427
primar,500,2000,1
primar,500,2001,0.94444
primar,500,2002,0.90909
primar,500,2016,2.44444
primar,504,2005,1
primar,504,2007,1
primar,504,2008,1
primar,504,2009,1
primar,504,2010,1
primar,504,2011,1
primar,504,2012,1
primar,504,2013,1
primar,504,2014,1
primar,504,2015,1
primar,504,2016,1
primar,504,2017,1
primar,508,2005,1.19077
primar,508,2006,1.51512
primar,508,2007,1.19115
primar,508,2008,1.1469
primar,508,2009,1.14967
primar,508,2010,1.12533
primar,508,2011,1.10967
primar,508,2012,1.07997
primar,508,2013,1.06071
primar,508,2014,1.04534
primar,508,2015,1.03108
primar,508,2016,1.02362
primar,508,2017,1.00113
primar,512,2000,0.99585
primar,512,2001,0.99954
primar,512,2017,1
primar,516,2001,1.03659
primar,516,2005,1.16537
primar,516,2009,1.01813
primar,516,2010,1.0175
primar,520,2007,1.53571
primar,520,2016,1
primar,524,2001,0.84935
primar,524,2002,0.78902
primar,524,2003,0.77887
primar,524,2004,0.80123
primar,524,2005,0.84493
primar,524,2007,0.89537
primar,524,2008,0.98292
primar,524,2010,0.973
primar,524,2011,0.98133
primar,524,2012,0.99543
primar,524,2013,0.99493
primar,524,2014,0.99115
primar,524,2015,0.9945
primar,524,2016,1.00402
primar,524,2017,1.00395
primar,533,2000,1
primar,533,2001,1
primar,533,2002,1
primar,533,2004,1
primar,533,2005,1
primar,533,2006,1.02941
primar,533,2007,1
primar,533,2008,1.03061
primar,533,2009,1.0102
primar,533,2010,1
primar,533,2011,1.01099
primar,533,2012,1.01997
primar,558,2000,1.4337
primar,558,2001,1.43839
primar,558,2002,1.49255
primar,558,2004,1.51779
primar,558,2005,1.42327
primar,558,2006,1.33099
primar,558,2007,1.23749
primar,558,2008,1.3398
primar,558,2010,1.29253
primar,562,2000,0.99802
primar,562,2001,0.96764
primar,562,2002,0.93069
primar,562,2003,0.97118
primar,562,2004,0.93535
primar,562,2006,1.00749
primar,562,2007,1.00518
primar,562,2008,1.00544
primar,562,2009,1.01261
primar,562,2010,1.0116
primar,562,2011,1.0122
primar,562,2012,1.01212
primar,562,2013,0.87559
primar,562,2014,1.15841
primar,562,2015,1.19229
primar,562,2016,1.19384
primar,562,2017,0.70419
primar,566,2003,1.18198
primar,566,2004,1.55886
primar,566,2005,1.55489
primar,566,2006,1.51673
primar,566,2010,1.17491
primar,570,2016,0.91667
primar,586,2004,0.70104
primar,586,2005,0.8071
primar,586,2006,0.81442
primar,586,2007,0.82079
primar,586,2008,0.83049
primar,586,2009,0.82694
primar,586,2010,0.83672
primar,586,2011,0.81068
primar,586,2012,0.81338
primar,586,2013,0.81573
primar,586,2014,0.7969
primar,586,2015,0.78751
primar,591,2000,0.89814
primar,591,2001,0.92214
primar,591,2002,0.90583
primar,591,2004,0.90495
primar,591,2005,0.96021
primar,591,2006,0.9594
primar,591,2007,0.9637
primar,591,2008,0.97106
primar,591,2009,0.96362
primar,591,2010,0.96897
primar,591,2011,0.9776
primar,591,2012,0.96395
primar,591,2015,0.99689
primar,591,2016,0.99689
primar,600,2012,1.02734
primar,604,2018,0.96121
primar,608,2014,1
primar,608,2015,1
primar,608,2016,1
primar,624,2000,1.27328
primar,624,2010,1.75694
primar,630,2014,1
primar,630,2015,1.01138
primar,630,2016,1.11647
primar,634,2008,1.29227
primar,634,2009,0.67979
primar,646,2000,0.9717
primar,646,2001,1.01976
primar,646,2002,1.0096
primar,646,2003,1.01882
primar,646,2004,1.07475
primar,646,2005,1.00369
primar,646,2006,1.00001
primar,646,2007,1.00771
primar,646,2008,1.07559
primar,646,2009,0.96448
primar,646,2010,1.02284
primar,646,2011,1.01762
primar,646,2012,0.96895
primar,646,2013,1.00378
primar,646,2014,1.00633
primar,646,2015,1.01195
primar,646,2017,1.02167
primar,659,2001,1.02098
primar,659,2002,0.87906
primar,659,2003,1.02503
primar,659,2004,0.98914
primar,659,2005,0.85437
primar,659,2009,1.37468
primar,659,2010,1.45964
primar,659,2011,1.15205
primar,659,2012,1.19631
primar,659,2013,1.19631
primar,659,2014,1.1542
primar,659,2015,1.17973
primar,659,2016,1.01595
primar,660,2000,1.04348
primar,660,2001,1.03286
primar,660,2002,1.03636
primar,660,2004,1.75
primar,660,2005,3.69048
primar,660,2006,4.04819
primar,660,2007,2.77174
primar,660,2008,1.65534
primar,660,2009,4.07767
primar,660,2010,2.19231
primar,660,2011,6.3253
primar,662,2001,1.14422
primar,662,2003,0.80616
primar,662,2004,1.05753
primar,662,2005,1.11367
primar,662,2006,0.78554
primar,662,2007,1.03796
primar,662,2008,1.23995
primar,662,2009,1.07053
primar,662,2010,1.07065
primar,662,2011,1.16754
primar,662,2012,1.20918
primar,662,2013,1.18814
primar,662,2014,1.09192
primar,662,2017,1.26482
primar,670,2001,1.17472
primar,670,2002,1.11632
primar,670,2003,1.19011
primar,670,2004,1.13352
primar,670,2007,1.15837
primar,670,2009,1.16966
primar,670,2010,1.14609
primar,670,2012,1.22184
primar,670,2013,1.23387
primar,670,2014,1.14656
primar,670,2015,1.11035
primar,670,2016,1.03273
primar,670,2017,1.07136
primar,678,2009,1.05234
primar,678,2014,1.06321
primar,678,2015,1.09689
primar,678,2016,1.39731
primar,678,2017,1.43568
primar,682,2007,0.90107
primar,682,2013,1
primar,682,2014,1
primar,682,2015,1
primar,682,2016,1
primar,686,2003,1.01119
primar,686,2004,0.96414
primar,686,2005,0.88578
primar,686,2007,0.77485
primar,686,2008,0.76728
primar,686,2009,0.73983
primar,686,2010,0.78459
primar,686,2011,0.95826
primar,686,2012,0.93479
primar,686,2013,0.91619
primar,686,2014,0.91394
primar,686,2015,0.93033
primar,686,2016,0.93427
primar,686,2017,0.92468
primar,688,2007,1
primar,688,2011,1.64612
primar,688,2012,1.70512
primar,690,2000,1.0995
primar,690,2003,1.19143
primar,690,2012,1.04614
primar,690,2013,1.24147
primar,690,2014,1.06489
primar,690,2015,1.08756
primar,690,2016,1.02561
primar,690,2017,1.04823
primar,694,2011,1.51304
primar,694,2012,1.38798
primar,694,2013,1.30816
primar,694,2015,1.34151
primar,702,2007,1.01452
primar,702,2008,1.00184
primar,702,2009,1.00156
primar,702,2016,1.00007
primar,704,2000,1.09632
primar,704,2001,1.07285
primar,704,2002,1.00001
primar,704,2006,1.03251
primar,704,2007,1.04665
primar,704,2008,1.05923
primar,704,2009,1.00562
primar,704,2010,1.00571
primar,704,2011,0.99889
primar,704,2012,0.99816
primar,704,2014,1
primar,704,2015,1.00611
primar,704,2016,1.00452
primar,710,2000,1.12847
primar,710,2001,1.1479
primar,710,2002,0.86637
primar,716,2012,1.11019
primar,716,2013,1.05023
primar,736,2004,0.77385
primar,736,2005,0.56784
primar,736,2006,0.71629
primar,736,2008,0.89206
primar,736,2009,0.89694
primar,740,2008,1
primar,740,2009,1
primar,748,2000,1.0348
primar,748,2001,1.05012
primar,748,2002,1.02237
primar,748,2003,0.99819
primar,748,2004,1.02955
primar,748,2005,1.02434
primar,748,2006,1.01827
primar,748,2009,1.04857
primar,748,2010,1.04373
primar,748,2011,1.04776
primar,748,2012,1.09331
primar,748,2013,1.04827
primar,748,2014,1.04017
primar,748,2015,1.03921
primar,760,2001,1.02347
primar,762,2010,0.96618
primar,762,2011,0.99682
primar,762,2012,0.99533
primar,762,2013,0.99416
primar,762,2014,1
primar,762,2015,1
primar,762,2016,1
primar,762,2017,1
primar,764,2015,1
primar,764,2016,1
primar,764,2017,1
primar,768,2010,0.96174
primar,768,2011,0.9438
primar,768,2012,0.94787
primar,768,2013,0.89572
primar,768,2015,0.94527
primar,772,2016,0.84848
primar,776,2013,1.00082
primar,776,2014,0.99098
primar,776,2015,0.96438
primar,780,2000,0.96434
primar,780,2001,0.97396
primar,780,2002,1.00009
primar,780,2003,1.04566
primar,780,2004,1.16478
primar,780,2007,0.91207
primar,780,2009,1.62477
primar,784,2004,0.84677
primar,784,2005,0.84976
primar,784,2012,1
primar,784,2013,1
primar,784,2014,1
primar,784,2015,1
primar,784,2016,1
primar,788,2012,1
primar,788,2013,1
primar,788,2014,1
primar,788,2015,1
primar,788,2016,1
primar,796,2001,0.94907
primar,796,2002,0.88599
primar,796,2003,0.88599
primar,798,2016,0.87037
primar,800,2017,0.9959
primar,804,2016,0.99697
primar,804,2017,0.99633
primar,818,2016,1.08604
primar,834,2001,1
primar,834,2002,1
primar,834,2004,1
primar,834,2005,1
primar,834,2006,1
primar,834,2007,1
primar,834,2009,1
primar,834,2010,1.02536
primar,834,2013,1.00252
primar,834,2016,1.00019
primar,854,2001,1.01515
primar,854,2003,1.04897
primar,854,2004,1.0381
primar,854,2005,1.05013
primar,854,2006,1.0609
primar,854,2007,1.06296
primar,854,2008,1.06326
primar,854,2009,1.08768
primar,854,2012,1.05881
primar,854,2013,1.08243
primar,854,2015,1.08951
primar,854,2016,1.06517
primar,854,2017,1.10766
primar,860,2006,1
primar,860,2007,1
primar,860,2008,1
primar,860,2009,1
primar,860,2010,1
primar,860,2011,1
primar,860,2017,0.99985
primar,894,2012,1.0692
primar,894,2017,0.97523
second,20,2013,1
second,20,2014,1
second,20,2015,1
second,20,2016,1
second,20,2017,1
second,24,2015,1.11878
second,28,2000,0.69147
second,28,2009,0.95136
second,28,2010,1.03673
second,28,2011,0.79302
second,28,2014,0.88296
second,28,2017,1.0515
second,44,2002,1.03043
second,44,2005,1.0144
second,44,2006,1.01244
second,44,2007,1.09855
second,44,2008,0.99348
second,44,2009,1.04475
second,44,2016,1.0618
second,48,2012,1.03908
second,48,2013,1.04435
second,48,2014,1.04956
second,48,2015,1.04485
second,48,2016,1.03053
second,48,2017,1.0319
second,50,2012,1.20911
second,50,2013,1.20139
second,50,2016,1.13587
second,50,2017,1.18546
second,52,2000,1.05828
second,52,2001,0.99793
second,52,2002,0.99877
second,52,2003,0.98614
second,52,2004,1.07615
second,52,2005,1.00136
second,52,2006,1.00259
second,52,2015,1.08862
second,52,2016,1.15852
second,52,2017,1.01371
second,60,2001,1
second,60,2002,1
second,60,2003,1
second,60,2004,1
second,60,2005,1
second,60,2006,1
second,60,2011,1
second,60,2012,1
second,60,2014,1
second,60,2016,1
second,64,2015,1
second,64,2016,1
second,64,2017,1
second,68,2011,0.97887
second,68,2012,0.98971
second,68,2013,1.03165
second,68,2014,1.04425
second,68,2015,1.05155
second,68,2016,1.07415
second,68,2017,1.07306
second,72,2000,0.97576
second,72,2001,0.98703
second,72,2002,0.9811
second,72,2003,0.99211
second,72,2004,0.96521
second,72,2005,0.99217
second,72,2006,1.00227
second,72,2007,1.00026
second,84,2000,0.99852
second,84,2001,1.29808
second,84,2003,1.12604
second,84,2004,2.20613
second,84,2006,1.38998
second,84,2007,1.12624
second,84,2008,1.48187
second,84,2009,1.38978
second,84,2010,1.3582
second,84,2011,1.38061
second,84,2012,1.4691
second,84,2013,1.51588
second,84,2015,1.43359
second,84,2016,1.0919
second,90,2010,1.00824
second,90,2012,1.04642
second,90,2015,1.04081
second,92,2003,1.22109
second,92,2014,1.17991
second,92,2015,0.83133
second,92,2017,0.9695
second,96,2005,1.01532
second,96,2006,0.98545
second,96,2007,1.03902
second,96,2008,0.99057
second,96,2009,0.99251
second,96,2011,1.01668
second,96,2012,0.99006
second,96,2013,0.99576
second,96,2014,1.02168
second,96,2015,1.02773
second,96,2016,1.03127
second,96,2017,1.02679
second,104,2000,0.94853
second,104,2001,0.9793
second,104,2002,0.96205
second,104,2003,0.98198
second,104,2004,1.23451
second,104,2005,1.00004
second,104,2006,0.99585
second,104,2007,0.97545
second,104,2008,0.99353
second,104,2009,1.06648
second,104,2010,0.99904
second,104,2017,1.09619
second,108,2003,0.72658
second,108,2011,0.68582
second,108,2012,0.99675
second,108,2014,0.83819
second,108,2015,1
second,108,2016,1
second,108,2017,1
second,112,2013,1.02191
second,112,2014,1.01893
second,112,2015,1.01773
second,112,2016,1.01532
second,112,2017,1.02351
second,116,2002,1.00442
second,120,2013,1.33996
second,120,2014,1.28655
second,120,2015,1.32203
second,120,2016,1.31292
second,132,2003,1.09647
second,132,2004,1.0843
second,132,2005,1.0919
second,132,2007,1.02771
second,132,2008,1.01325
second,132,2009,1.0463
second,132,2010,1.07507
second,132,2012,1.061
second,132,2014,1.07846
second,132,2016,1.06974
second,132,2017,1.04001
second,136,2000,1
second,136,2001,1
second,136,2004,1.00909
second,136,2005,1.00769
second,136,2006,1.00763
second,136,2008,1.04511
second,136,2011,0.99432
second,136,2012,1.00771
second,136,2018,1
second,140,2016,1.09549
second,144,2017,1.03013
second,148,2016,1.00273
second,170,2007,1.02067
second,170,2009,1.02057
second,170,2010,1.02066
second,170,2011,1.00797
second,170,2012,1.01266
second,170,2013,1.0056
second,170,2014,1.00546
second,170,2015,1.01259
second,170,2016,1.01176
second,170,2017,1.01052
second,178,2012,1.73491
second,180,2010,0.9659
second,180,2013,0.97499
second,180,2014,0.94347
second,184,2005,0.94595
second,184,2007,1.05201
second,184,2011,1.17718
second,184,2013,1.06735
second,184,2014,1.08706
second,184,2015,0.97143
second,188,2006,0.97384
second,188,2007,0.97971
second,188,2008,0.97909
second,188,2009,0.98247
second,188,2010,0.99349
second,188,2011,0.99428
second,188,2013,0.99587
second,188,2014,0.9952
second,188,2015,0.9992
second,188,2016,0.99902
second,191,2000,1
second,191,2001,1
second,191,2002,1
second,191,2003,1
second,192,2000,0.99651
second,192,2001,1.00397
second,192,2002,1.01018
second,192,2003,0.98879
second,192,2004,0.98525
second,192,2005,1
second,192,2006,1
second,192,2007,1
second,192,2008,1
second,192,2009,1
second,192,2010,1
second,192,2011,1
second,192,2012,1
second,192,2013,1
second,192,2014,1
second,192,2015,1
second,192,2016,1
second,192,2017,1
second,204,2000,1.12745
second,204,2015,1.12829
second,204,2016,1.24037
second,212,2000,1.01414
second,212,2001,1.19608
second,212,2002,1.00339
second,212,2003,1.69015
second,212,2004,1.17586
second,212,2005,1.29154
second,212,2006,1.25599
second,212,2007,1.00079
second,212,2008,0.94231
second,212,2009,0.90481
second,212,2010,1.06419
second,212,2011,1.09708
second,212,2013,1.50953
second,212,2014,1.13595
second,212,2015,1.17267
second,212,2016,1.25082
second,214,2004,1.13946
second,214,2005,1.16774
second,214,2006,1.17443
second,214,2007,1.26852
second,214,2008,1.00848
second,214,2009,0.95383
second,214,2010,1.00709
second,214,2011,1.09955
second,214,2012,1.01663
second,214,2013,1.02357
second,214,2015,1.01826
second,214,2017,1.01067
second,218,2000,1.03642
second,218,2001,1.02389
second,218,2002,1.21453
second,218,2003,1.18908
second,218,2004,1.19619
second,218,2005,1.19509
second,218,2006,1.19788
second,218,2007,1.19189
second,218,2009,1.14144
second,218,2010,1.17307
second,218,2011,1.17908
second,218,2012,1.16889
second,218,2013,1.15148
second,218,2014,1.13809
second,218,2015,1.13698
second,218,2016,1.13392
second,222,2003,1.06568
second,222,2004,1.05874
second,222,2005,1.04654
second,222,2007,1.02646
second,222,2008,1.05422
second,222,2011,1.04864
second,222,2015,1.03438
second,222,2016,1.03101
second,222,2017,1.03587
second,226,2005,0.6299
second,231,2008,1.0554
second,232,2000,1.09672
second,232,2001,1.11596
second,232,2002,1.28655
second,232,2003,1.20347
second,232,2004,1.32888
second,232,2005,1.37552
second,232,2006,1.35226
second,232,2007,1.21632
second,232,2009,1.09891
second,232,2010,0.96543
second,232,2011,1.08988
second,232,2012,1.03303
second,232,2013,1.04948
second,242,2007,1.00002
second,242,2011,1
second,242,2012,1
second,262,2011,1
second,262,2014,1
second,262,2015,1
second,268,2000,1.88912
second,268,2009,1.02999
second,270,2013,0.96367
second,270,2014,0.99879
second,270,2015,0.98507
second,270,2017,0.97236
second,270,2018,1
second,275,2007,1
second,275,2008,1
second,275,2009,1
second,275,2010,1
second,275,2011,1
second,275,2012,1
second,275,2013,1
second,275,2014,1
second,275,2015,1
second,275,2016,1
second,275,2017,1
second,288,2000,1.22475
second,288,2001,1.24834
second,288,2002,1.20303
second,288,2006,0.77041
second,288,2007,1.1449
second,288,2008,1.27348
second,288,2009,1.28656
second,288,2010,1.22902
second,288,2011,1.22902
second,288,2013,1.1934
second,288,2014,1.1881
second,288,2015,1.16748
second,288,2016,1.18215
second,288,2017,1.1467
second,288,2018,1.12344
second,292,2000,0.9726
second,292,2001,1
second,292,2008,1.06916
second,292,2009,1.01564
second,292,2016,1.09413
second,292,2017,1.04
second,296,2005,1.05476
second,296,2006,0.99197
second,296,2007,1.07034
second,296,2008,1.08406
second,308,2003,0.83193
second,308,2008,0.7193
second,308,2010,0.23073
second,308,2013,1.21766
second,308,2014,1.00351
second,308,2015,1.21895
second,308,2016,1.19288
second,308,2017,1.21365
second,324,2008,1.03362
second,328,2003,1.07781
second,328,2005,1.31633
second,328,2008,1.13588
second,328,2009,1.11344
second,328,2010,1.23441
second,336,2000,0
second,336,2001,0
second,336,2002,0
second,336,2003,0
second,336,2004,0
second,336,2005,0
second,336,2006,0
second,336,2007,0
second,336,2008,0
second,336,2009,0
second,336,2010,0
second,336,2011,0
second,336,2012,0
second,336,2013,0
second,336,2014,0
second,336,2015,0
second,336,2016,0
second,336,2017,0
second,336,2018,0
second,340,2004,1.16177
second,344,2001,0.98
second,344,2002,0.98558
second,344,2003,0.98959
second,344,2004,0.99715
second,344,2005,1.00861
second,344,2007,1.00722
second,344,2008,1.00498
second,344,2009,1.00599
second,344,2010,1.00258
second,344,2011,1.00276
second,344,2012,1.00846
second,344,2013,1.00666
second,344,2014,1.00689
second,344,2015,1.00645
second,344,2016,1.00509
second,344,2017,1.00694
second,364,2013,1
second,364,2014,1
second,364,2016,1.00394
second,364,2017,1.00543
second,368,2000,1
second,368,2004,1
second,384,2014,1
second,384,2016,1
second,388,2014,1.12747
second,388,2015,1.11551
second,388,2016,1
second,388,2017,1
second,398,2015,1
second,398,2016,1
second,398,2017,1
second,398,2018,1
second,400,2014,1
second,400,2017,1
second,404,2008,0.97909
second,414,2000,1
second,414,2001,1
second,414,2004,1
second,417,2003,1.02457
second,417,2004,1.02496
second,417,2005,1.03093
second,417,2006,1.02673
second,417,2007,1.02395
second,417,2008,1.01828
second,417,2011,1.19859
second,417,2012,1.20393
second,417,2013,1.06999
second,417,2015,1.05806
second,417,2016,6.20666
second,417,2017,5.73606
second,418,2000,1.00896
second,418,2001,1.02249
second,418,2002,1.01127
second,418,2003,1.00709
second,418,2004,1.01962
second,418,2005,1.03099
second,418,2006,1.00498
second,418,2007,1.03671
second,418,2017,1.0042
second,426,2000,1.02588
second,426,2001,1.01689
second,426,2005,1.0414
second,426,2006,1.05476
second,426,2007,1.18135
second,426,2015,1
second,426,2016,1.06034
second,430,2014,1.05381
second,430,2015,0.98259
second,446,2000,1.27696
second,446,2001,1.35454
second,446,2002,1.48958
second,446,2003,1.45766
second,446,2004,1.43756
second,446,2005,1.44362
second,446,2006,1.40178
second,446,2007,1.36644
second,446,2008,1.36089
second,446,2009,1.34502
second,446,2010,1.31188
second,446,2011,1.24438
second,446,2012,1.19106
second,446,2013,1.16711
second,446,2014,1.0955
second,446,2015,1.03199
second,446,2016,1.03109
second,446,2017,1.02859
second,450,2014,1.15046
second,450,2017,1.22692
second,454,2007,1.49365
second,454,2008,1.225
second,454,2010,1.39074
second,454,2011,1.36525
second,454,2013,1.28198
second,458,2006,0.99859
second,458,2007,1.00044
second,458,2008,0.98014
second,458,2009,0.96771
second,458,2010,0.97385
second,458,2011,0.99869
second,458,2012,1.00424
second,458,2013,1.00365
second,458,2016,1.00804
second,458,2017,0.99651
second,462,2002,1.08078
second,466,2008,1.07533
second,478,2004,1
second,478,2006,1
second,478,2014,1.0493
second,478,2015,1.00609
second,478,2017,0.86967
second,480,2013,1.00989
second,480,2014,1.06093
second,480,2015,1.20396
second,480,2017,0.85879
second,496,2000,1
second,496,2001,1
second,496,2002,1
second,496,2003,1
second,496,2004,1
second,496,2005,1
second,496,2006,1
second,496,2010,1.02971
second,496,2014,1
second,496,2016,1
second,496,2017,1.00999
second,498,2016,0.98427
second,498,2017,1.02868
second,500,2001,7.46667
second,500,2002,2.08
second,500,2005,6.35294
second,500,2006,3.52941
second,500,2007,1.26316
second,500,2009,1.75
second,500,2017,1.27174
second,504,2017,1
second,508,2006,1.17429
second,508,2007,1.23724
second,508,2008,1.13897
second,508,2009,1.12205
second,508,2010,1.07238
second,508,2011,1.07456
second,508,2012,1.04917
second,508,2013,1.03253
second,508,2014,1.02099
second,508,2015,1.0147
second,512,2000,1
second,512,2001,1
second,512,2017,1
second,520,2007,0.80769
second,524,2002,0.7053
second,524,2008,1.03501
second,524,2010,1.02885
second,524,2011,1.02093
second,524,2013,0.98162
second,524,2014,0.98159
second,524,2015,0.97563
second,533,2000,1
second,533,2001,1
second,533,2002,1
second,533,2003,1.01348
second,533,2004,1.00588
second,533,2005,1.01079
second,533,2006,0.96764
second,533,2009,0.99264
second,533,2010,0.99872
second,533,2011,1.01726
second,533,2012,1.04505
second,558,2000,1.26501
second,558,2001,1.31073
second,558,2004,1.35592
second,558,2005,1.33732
second,558,2006,1.28793
second,558,2007,1.09121
second,558,2008,1.2567
second,558,2010,1.3183
second,562,2003,1.01485
second,562,2004,1.00239
second,562,2006,0.9717
second,562,2010,1.00496
second,562,2013,0.94477
second,562,2014,2.01047
second,562,2015,1.00064
second,562,2016,0.99957
second,562,2017,1.10808
second,566,2003,1.12911
second,566,2006,1.17339
second,566,2010,1.00125
second,570,2015,1
second,591,2000,1.06916
second,591,2001,1.0419
second,591,2002,1.11032
second,591,2004,1.09922
second,591,2005,1.09814
second,591,2006,1.04597
second,591,2007,1.03818
second,591,2008,1.03176
second,591,2009,1.03144
second,591,2010,1.02647
second,591,2011,1.0101
second,591,2014,1.00871
second,591,2016,1.06951
second,598,2012,1
second,600,2012,1.05304
second,604,2014,1.04666
second,604,2015,1.02603
second,604,2016,1.02659
second,604,2018,1.02547
second,608,2014,1
second,608,2015,1
second,608,2016,1
second,630,2014,1.00004
second,630,2015,1.00742
second,630,2016,0.99985
second,634,2006,0.90255
second,634,2008,1.00087
second,634,2011,0.85294
second,646,2007,0.61744
second,646,2011,0.82533
second,646,2012,0.80179
second,646,2013,0.87004
second,646,2015,0.87162
second,646,2016,0.91246
second,646,2017,0.8766
second,659,2002,0.96433
second,659,2003,0.8629
second,659,2004,0.98675
second,659,2005,0.70516
second,659,2009,1.20821
second,659,2010,1.41073
second,659,2011,1.01314
second,659,2012,1.12048
second,659,2013,1.10027
second,659,2014,1.15971
second,659,2015,1.16686
second,659,2016,1.16645
second,660,2006,0.94266
second,660,2007,1.09626
second,660,2011,1.21429
second,662,2001,1.08658
second,662,2005,1.15521
second,662,2006,1.10647
second,662,2011,1.11842
second,662,2012,1.11436
second,662,2013,1.59494
second,662,2014,1.25145
second,662,2017,1.06188
second,670,2000,0.87977
second,670,2001,0.90449
second,670,2002,0.7139
second,670,2003,0.83256
second,670,2004,0.86994
second,670,2007,1.02729
second,670,2008,1.17031
second,670,2009,1.60012
second,670,2010,0.98936
second,670,2011,1.11567
second,670,2012,1.13594
second,670,2013,1.25011
second,670,2014,1.11086
second,670,2015,1.08492
second,678,2011,1.13154
second,678,2014,2.50562
second,678,2015,2.19687
second,682,2013,1
second,682,2014,1
second,686,2011,1.30533
second,686,2012,1.64122
second,686,2013,1.07538
second,686,2014,1.15848
second,686,2015,1.23898
second,686,2016,1.19625
second,688,2007,1
second,688,2011,1.48179
second,690,2000,1.15606
second,690,2001,0.94352
second,690,2003,1.08779
second,690,2012,0.95285
second,690,2013,1.03105
second,690,2014,1.01444
second,690,2015,1.00057
second,690,2016,1.02947
second,690,2017,1.00578
second,694,2011,1.34858
second,694,2012,1.33938
second,694,2013,1.19746
second,694,2015,1.13789
second,702,2007,0.99358
second,702,2008,0.99559
second,702,2009,0.99749
second,702,2016,1
second,716,2012,1.10803
second,716,2013,1.05499
second,736,2004,0.87237
second,736,2005,1.04796
second,736,2009,0.94099
second,748,2002,1.26919
second,748,2003,1.01942
second,748,2004,0.99864
second,748,2005,1.00916
second,748,2006,0.99862
second,748,2009,0.97002
second,748,2010,0.91931
second,748,2011,0.94639
second,748,2012,0.93707
second,748,2013,0.96456
second,748,2015,0.96575
second,764,2015,1
second,764,2016,1
second,764,2017,1
second,776,2013,1.11378
second,776,2014,1.0778
second,776,2015,0.98868
second,784,2016,1
second,796,2000,0.84691
second,796,2003,0.98355
second,798,2016,1.1328
second,818,2016,1.13963
second,854,2009,1.15396
second,854,2011,1.11672
second,854,2012,1.1021
second,854,2013,1.06495
second,854,2014,1.07165
second,854,2015,1.00453
second,854,2016,0.9969
second,854,2017,0.9911
second,860,2006,1
second,860,2007,1
second,860,2008,1
second,860,2009,1
second,860,2010,1
second,860,2011,1
second,860,2017,1.0087
